2026-07-28 22:37:08,556 - app.services.trade_stream - ERROR - [实时流] 异常: [Errno 54] Connection reset by peer
Traceback (most recent call last):
  File "/Users/curtdk/.openclaw/workspace/fastapiGmgn/app/services/trade_stream.py", line 72, in _stream_loop
    async with websockets.connect(url) as ws:
               ~~~~~~~~~~~~~~~~~~^^^^^
  File "/Users/curtdk/.pyenv/versions/3.13.12/lib/python3.13/site-packages/websockets/legacy/client.py", line 642, in __aenter__
    return await self
           ^^^^^^^^^^
  File "/Users/curtdk/.pyenv/versions/3.13.12/lib/python3.13/site-packages/websockets/legacy/client.py", line 659, in __await_impl_timeout__
    return await asyncio.wait_for(self.__await_impl__(), self.open_timeout)
           ^^^^^^^^^^^^^^^^^^^^^^^^^^^^^^^^^^^^^^^^^^^^^^^^^^^^^^^^^^^^^^^^
  File "/Users/curtdk/.pyenv/versions/3.13.12/lib/python3.13/asyncio/tasks.py", line 507, in wait_for
    return await fut
           ^^^^^^^^^
  File "/Users/curtdk/.pyenv/versions/3.13.12/lib/python3.13/site-packages/websockets/legacy/client.py", line 663, in __await_impl__
    _transport, _protocol = await self._create_connection()
                            ^^^^^^^^^^^^^^^^^^^^^^^^^^^^^^^
  File "uvloop/loop.pyx", line 2088, in create_connection
    raise
  File "uvloop/loop.pyx", line 2083, in uvloop.loop.Loop.create_connection
    await ssl_waiter
ConnectionResetError: [Errno 54] Connection reset by peer
2026-07-28 22:37:11,657 - app.services.trade_stream - ERROR - [实时流] 异常: [Errno 54] Connection reset by peer
Traceback (most recent call last):
  File "/Users/curtdk/.openclaw/workspace/fastapiGmgn/app/services/trade_stream.py", line 72, in _stream_loop
    async with websockets.connect(url) as ws:
               ~~~~~~~~~~~~~~~~~~^^^^^
  File "/Users/curtdk/.pyenv/versions/3.13.12/lib/python3.13/site-packages/websockets/legacy/client.py", line 642, in __aenter__
    return await self
           ^^^^^^^^^^
  File "/Users/curtdk/.pyenv/versions/3.13.12/lib/python3.13/site-packages/websockets/legacy/client.py", line 659, in __await_impl_timeout__
    return await asyncio.wait_for(self.__await_impl__(), self.open_timeout)
           ^^^^^^^^^^^^^^^^^^^^^^^^^^^^^^^^^^^^^^^^^^^^^^^^^^^^^^^^^^^^^^^^
  File "/Users/curtdk/.pyenv/versions/3.13.12/lib/python3.13/asyncio/tasks.py", line 507, in wait_for
    return await fut
           ^^^^^^^^^
  File "/Users/curtdk/.pyenv/versions/3.13.12/lib/python3.13/site-packages/websockets/legacy/client.py", line 663, in __await_impl__
    _transport, _protocol = await self._create_connection()
                            ^^^^^^^^^^^^^^^^^^^^^^^^^^^^^^^
  File "uvloop/loop.pyx", line 2088, in create_connection
    raise
  File "uvloop/loop.pyx", line 2083, in uvloop.loop.Loop.create_connection
    await ssl_waiter
ConnectionResetError: [Errno 54] Connection reset by peer
2026-07-28 22:37:14,751 - app.services.trade_stream - ERROR - [实时流] 异常: [Errno 54] Connection reset by peer
Traceback (most recent call last):
  File "/Users/curtdk/.openclaw/workspace/fastapiGmgn/app/services/trade_stream.py", line 72, in _stream_loop
    async with websockets.connect(url) as ws:
               ~~~~~~~~~~~~~~~~~~^^^^^
  File "/Users/curtdk/.pyenv/versions/3.13.12/lib/python3.13/site-packages/websockets/legacy/client.py", line 642, in __aenter__
    return await self
           ^^^^^^^^^^
  File "/Users/curtdk/.pyenv/versions/3.13.12/lib/python3.13/site-packages/websockets/legacy/client.py", line 659, in __await_impl_timeout__
    return await asyncio.wait_for(self.__await_impl__(), self.open_timeout)
           ^^^^^^^^^^^^^^^^^^^^^^^^^^^^^^^^^^^^^^^^^^^^^^^^^^^^^^^^^^^^^^^^
  File "/Users/curtdk/.pyenv/versions/3.13.12/lib/python3.13/asyncio/tasks.py", line 507, in wait_for
    return await fut
           ^^^^^^^^^
  File "/Users/curtdk/.pyenv/versions/3.13.12/lib/python3.13/site-packages/websockets/legacy/client.py", line 663, in __await_impl__
    _transport, _protocol = await self._create_connection()
                            ^^^^^^^^^^^^^^^^^^^^^^^^^^^^^^^
  File "uvloop/loop.pyx", line 2088, in create_connection
    raise
  File "uvloop/loop.pyx", line 2083, in uvloop.loop.Loop.create_connection
    await ssl_waiter
ConnectionResetError: [Errno 54] Connection reset by peer
2026-07-28 22:37:17,858 - app.services.trade_stream - ERROR - [实时流] 异常: [Errno 54] Connection reset by peer
Traceback (most recent call last):
  File "/Users/curtdk/.openclaw/workspace/fastapiGmgn/app/services/trade_stream.py", line 72, in _stream_loop
    async with websockets.connect(url) as ws:
               ~~~~~~~~~~~~~~~~~~^^^^^
  File "/Users/curtdk/.pyenv/versions/3.13.12/lib/python3.13/site-packages/websockets/legacy/client.py", line 642, in __aenter__
    return await self
           ^^^^^^^^^^
  File "/Users/curtdk/.pyenv/versions/3.13.12/lib/python3.13/site-packages/websockets/legacy/client.py", line 659, in __await_impl_timeout__
    return await asyncio.wait_for(self.__await_impl__(), self.open_timeout)
           ^^^^^^^^^^^^^^^^^^^^^^^^^^^^^^^^^^^^^^^^^^^^^^^^^^^^^^^^^^^^^^^^
  File "/Users/curtdk/.pyenv/versions/3.13.12/lib/python3.13/asyncio/tasks.py", line 507, in wait_for
    return await fut
           ^^^^^^^^^
  File "/Users/curtdk/.pyenv/versions/3.13.12/lib/python3.13/site-packages/websockets/legacy/client.py", line 663, in __await_impl__
    _transport, _protocol = await self._create_connection()
                            ^^^^^^^^^^^^^^^^^^^^^^^^^^^^^^^
  File "uvloop/loop.pyx", line 2088, in create_connection
    raise
  File "uvloop/loop.pyx", line 2083, in uvloop.loop.Loop.create_connection
    await ssl_waiter
ConnectionResetError: [Errno 54] Connection reset by peer
2026-07-28 22:37:20,967 - app.services.trade_stream - ERROR - [实时流] 异常: [Errno 54] Connection reset by peer
Traceback (most recent call last):
  File "/Users/curtdk/.openclaw/workspace/fastapiGmgn/app/services/trade_stream.py", line 72, in _stream_loop
    async with websockets.connect(url) as ws:
               ~~~~~~~~~~~~~~~~~~^^^^^
  File "/Users/curtdk/.pyenv/versions/3.13.12/lib/python3.13/site-packages/websockets/legacy/client.py", line 642, in __aenter__
    return await self
           ^^^^^^^^^^
  File "/Users/curtdk/.pyenv/versions/3.13.12/lib/python3.13/site-packages/websockets/legacy/client.py", line 659, in __await_impl_timeout__
    return await asyncio.wait_for(self.__await_impl__(), self.open_timeout)
           ^^^^^^^^^^^^^^^^^^^^^^^^^^^^^^^^^^^^^^^^^^^^^^^^^^^^^^^^^^^^^^^^
  File "/Users/curtdk/.pyenv/versions/3.13.12/lib/python3.13/asyncio/tasks.py", line 507, in wait_for
    return await fut
           ^^^^^^^^^
  File "/Users/curtdk/.pyenv/versions/3.13.12/lib/python3.13/site-packages/websockets/legacy/client.py", line 663, in __await_impl__
    _transport, _protocol = await self._create_connection()
                            ^^^^^^^^^^^^^^^^^^^^^^^^^^^^^^^
  File "uvloop/loop.pyx", line 2088, in create_connection
    raise
  File "uvloop/loop.pyx", line 2083, in uvloop.loop.Loop.create_connection
    await ssl_waiter
ConnectionResetError: [Errno 54] Connection reset by peer
2026-07-28 22:37:24,073 - app.services.trade_stream - ERROR - [实时流] 异常: [Errno 54] Connection reset by peer
Traceback (most recent call last):
  File "/Users/curtdk/.openclaw/workspace/fastapiGmgn/app/services/trade_stream.py", line 72, in _stream_loop
    async with websockets.connect(url) as ws:
               ~~~~~~~~~~~~~~~~~~^^^^^
  File "/Users/curtdk/.pyenv/versions/3.13.12/lib/python3.13/site-packages/websockets/legacy/client.py", line 642, in __aenter__
    return await self
           ^^^^^^^^^^
  File "/Users/curtdk/.pyenv/versions/3.13.12/lib/python3.13/site-packages/websockets/legacy/client.py", line 659, in __await_impl_timeout__
    return await asyncio.wait_for(self.__await_impl__(), self.open_timeout)
           ^^^^^^^^^^^^^^^^^^^^^^^^^^^^^^^^^^^^^^^^^^^^^^^^^^^^^^^^^^^^^^^^
  File "/Users/curtdk/.pyenv/versions/3.13.12/lib/python3.13/asyncio/tasks.py", line 507, in wait_for
    return await fut
           ^^^^^^^^^
  File "/Users/curtdk/.pyenv/versions/3.13.12/lib/python3.13/site-packages/websockets/legacy/client.py", line 663, in __await_impl__
    _transport, _protocol = await self._create_connection()
                            ^^^^^^^^^^^^^^^^^^^^^^^^^^^^^^^
  File "uvloop/loop.pyx", line 2088, in create_connection
    raise
  File "uvloop/loop.pyx", line 2083, in uvloop.loop.Loop.create_connection
    await ssl_waiter
ConnectionResetError: [Errno 54] Connection reset by peer
2026-07-28 22:37:27,175 - app.services.trade_stream - ERROR - [实时流] 异常: [Errno 54] Connection reset by peer
Traceback (most recent call last):
  File "/Users/curtdk/.openclaw/workspace/fastapiGmgn/app/services/trade_stream.py", line 72, in _stream_loop
    async with websockets.connect(url) as ws:
               ~~~~~~~~~~~~~~~~~~^^^^^
  File "/Users/curtdk/.pyenv/versions/3.13.12/lib/python3.13/site-packages/websockets/legacy/client.py", line 642, in __aenter__
    return await self
           ^^^^^^^^^^
  File "/Users/curtdk/.pyenv/versions/3.13.12/lib/python3.13/site-packages/websockets/legacy/client.py", line 659, in __await_impl_timeout__
    return await asyncio.wait_for(self.__await_impl__(), self.open_timeout)
           ^^^^^^^^^^^^^^^^^^^^^^^^^^^^^^^^^^^^^^^^^^^^^^^^^^^^^^^^^^^^^^^^
  File "/Users/curtdk/.pyenv/versions/3.13.12/lib/python3.13/asyncio/tasks.py", line 507, in wait_for
    return await fut
           ^^^^^^^^^
  File "/Users/curtdk/.pyenv/versions/3.13.12/lib/python3.13/site-packages/websockets/legacy/client.py", line 663, in __await_impl__
    _transport, _protocol = await self._create_connection()
                            ^^^^^^^^^^^^^^^^^^^^^^^^^^^^^^^
  File "uvloop/loop.pyx", line 2088, in create_connection
    raise
  File "uvloop/loop.pyx", line 2083, in uvloop.loop.Loop.create_connection
    await ssl_waiter
ConnectionResetError: [Errno 54] Connection reset by peer
2026-07-28 22:37:30,291 - app.services.trade_stream - ERROR - [实时流] 异常: [Errno 54] Connection reset by peer
Traceback (most recent call last):
  File "/Users/curtdk/.openclaw/workspace/fastapiGmgn/app/services/trade_stream.py", line 72, in _stream_loop
    async with websockets.connect(url) as ws:
               ~~~~~~~~~~~~~~~~~~^^^^^
  File "/Users/curtdk/.pyenv/versions/3.13.12/lib/python3.13/site-packages/websockets/legacy/client.py", line 642, in __aenter__
    return await self
           ^^^^^^^^^^
  File "/Users/curtdk/.pyenv/versions/3.13.12/lib/python3.13/site-packages/websockets/legacy/client.py", line 659, in __await_impl_timeout__
    return await asyncio.wait_for(self.__await_impl__(), self.open_timeout)
           ^^^^^^^^^^^^^^^^^^^^^^^^^^^^^^^^^^^^^^^^^^^^^^^^^^^^^^^^^^^^^^^^
  File "/Users/curtdk/.pyenv/versions/3.13.12/lib/python3.13/asyncio/tasks.py", line 507, in wait_for
    return await fut
           ^^^^^^^^^
  File "/Users/curtdk/.pyenv/versions/3.13.12/lib/python3.13/site-packages/websockets/legacy/client.py", line 663, in __await_impl__
    _transport, _protocol = await self._create_connection()
                            ^^^^^^^^^^^^^^^^^^^^^^^^^^^^^^^
  File "uvloop/loop.pyx", line 2088, in create_connection
    raise
  File "uvloop/loop.pyx", line 2083, in uvloop.loop.Loop.create_connection
    await ssl_waiter
ConnectionResetError: [Errno 54] Connection reset by peer
2026-07-28 22:37:33,402 - app.services.trade_stream - ERROR - [实时流] 异常: [Errno 54] Connection reset by peer
Traceback (most recent call last):
  File "/Users/curtdk/.openclaw/workspace/fastapiGmgn/app/services/trade_stream.py", line 72, in _stream_loop
    async with websockets.connect(url) as ws:
               ~~~~~~~~~~~~~~~~~~^^^^^
  File "/Users/curtdk/.pyenv/versions/3.13.12/lib/python3.13/site-packages/websockets/legacy/client.py", line 642, in __aenter__
    return await self
           ^^^^^^^^^^
  File "/Users/curtdk/.pyenv/versions/3.13.12/lib/python3.13/site-packages/websockets/legacy/client.py", line 659, in __await_impl_timeout__
    return await asyncio.wait_for(self.__await_impl__(), self.open_timeout)
           ^^^^^^^^^^^^^^^^^^^^^^^^^^^^^^^^^^^^^^^^^^^^^^^^^^^^^^^^^^^^^^^^
  File "/Users/curtdk/.pyenv/versions/3.13.12/lib/python3.13/asyncio/tasks.py", line 507, in wait_for
    return await fut
           ^^^^^^^^^
  File "/Users/curtdk/.pyenv/versions/3.13.12/lib/python3.13/site-packages/websockets/legacy/client.py", line 663, in __await_impl__
    _transport, _protocol = await self._create_connection()
                            ^^^^^^^^^^^^^^^^^^^^^^^^^^^^^^^
  File "uvloop/loop.pyx", line 2088, in create_connection
    raise
  File "uvloop/loop.pyx", line 2083, in uvloop.loop.Loop.create_connection
    await ssl_waiter
ConnectionResetError: [Errno 54] Connection reset by peer
2026-07-28 22:37:36,506 - app.services.trade_stream - ERROR - [实时流] 异常: [Errno 54] Connection reset by peer
Traceback (most recent call last):
  File "/Users/curtdk/.openclaw/workspace/fastapiGmgn/app/services/trade_stream.py", line 72, in _stream_loop
    async with websockets.connect(url) as ws:
               ~~~~~~~~~~~~~~~~~~^^^^^
  File "/Users/curtdk/.pyenv/versions/3.13.12/lib/python3.13/site-packages/websockets/legacy/client.py", line 642, in __aenter__
    return await self
           ^^^^^^^^^^
  File "/Users/curtdk/.pyenv/versions/3.13.12/lib/python3.13/site-packages/websockets/legacy/client.py", line 659, in __await_impl_timeout__
    return await asyncio.wait_for(self.__await_impl__(), self.open_timeout)
           ^^^^^^^^^^^^^^^^^^^^^^^^^^^^^^^^^^^^^^^^^^^^^^^^^^^^^^^^^^^^^^^^
  File "/Users/curtdk/.pyenv/versions/3.13.12/lib/python3.13/asyncio/tasks.py", line 507, in wait_for
    return await fut
           ^^^^^^^^^
  File "/Users/curtdk/.pyenv/versions/3.13.12/lib/python3.13/site-packages/websockets/legacy/client.py", line 663, in __await_impl__
    _transport, _protocol = await self._create_connection()
                            ^^^^^^^^^^^^^^^^^^^^^^^^^^^^^^^
  File "uvloop/loop.pyx", line 2088, in create_connection
    raise
  File "uvloop/loop.pyx", line 2083, in uvloop.loop.Loop.create_connection
    await ssl_waiter
ConnectionResetError: [Errno 54] Connection reset by peer
2026-07-28 22:37:39,618 - app.services.trade_stream - ERROR - [实时流] 异常: [Errno 54] Connection reset by peer
Traceback (most recent call last):
  File "/Users/curtdk/.openclaw/workspace/fastapiGmgn/app/services/trade_stream.py", line 72, in _stream_loop
    async with websockets.connect(url) as ws:
               ~~~~~~~~~~~~~~~~~~^^^^^
  File "/Users/curtdk/.pyenv/versions/3.13.12/lib/python3.13/site-packages/websockets/legacy/client.py", line 642, in __aenter__
    return await self
           ^^^^^^^^^^
  File "/Users/curtdk/.pyenv/versions/3.13.12/lib/python3.13/site-packages/websockets/legacy/client.py", line 659, in __await_impl_timeout__
    return await asyncio.wait_for(self.__await_impl__(), self.open_timeout)
           ^^^^^^^^^^^^^^^^^^^^^^^^^^^^^^^^^^^^^^^^^^^^^^^^^^^^^^^^^^^^^^^^
  File "/Users/curtdk/.pyenv/versions/3.13.12/lib/python3.13/asyncio/tasks.py", line 507, in wait_for
    return await fut
           ^^^^^^^^^
  File "/Users/curtdk/.pyenv/versions/3.13.12/lib/python3.13/site-packages/websockets/legacy/client.py", line 663, in __await_impl__
    _transport, _protocol = await self._create_connection()
                            ^^^^^^^^^^^^^^^^^^^^^^^^^^^^^^^
  File "uvloop/loop.pyx", line 2088, in create_connection
    raise
  File "uvloop/loop.pyx", line 2083, in uvloop.loop.Loop.create_connection
    await ssl_waiter
ConnectionResetError: [Errno 54] Connection reset by peer
2026-07-28 22:37:42,735 - app.services.trade_stream - ERROR - [实时流] 异常: [Errno 54] Connection reset by peer
Traceback (most recent call last):
  File "/Users/curtdk/.openclaw/workspace/fastapiGmgn/app/services/trade_stream.py", line 72, in _stream_loop
    async with websockets.connect(url) as ws:
               ~~~~~~~~~~~~~~~~~~^^^^^
  File "/Users/curtdk/.pyenv/versions/3.13.12/lib/python3.13/site-packages/websockets/legacy/client.py", line 642, in __aenter__
    return await self
           ^^^^^^^^^^
  File "/Users/curtdk/.pyenv/versions/3.13.12/lib/python3.13/site-packages/websockets/legacy/client.py", line 659, in __await_impl_timeout__
    return await asyncio.wait_for(self.__await_impl__(), self.open_timeout)
           ^^^^^^^^^^^^^^^^^^^^^^^^^^^^^^^^^^^^^^^^^^^^^^^^^^^^^^^^^^^^^^^^
  File "/Users/curtdk/.pyenv/versions/3.13.12/lib/python3.13/asyncio/tasks.py", line 507, in wait_for
    return await fut
           ^^^^^^^^^
  File "/Users/curtdk/.pyenv/versions/3.13.12/lib/python3.13/site-packages/websockets/legacy/client.py", line 663, in __await_impl__
    _transport, _protocol = await self._create_connection()
                            ^^^^^^^^^^^^^^^^^^^^^^^^^^^^^^^
  File "uvloop/loop.pyx", line 2088, in create_connection
    raise
  File "uvloop/loop.pyx", line 2083, in uvloop.loop.Loop.create_connection
    await ssl_waiter
ConnectionResetError: [Errno 54] Connection reset by peer
2026-07-28 22:37:45,847 - app.services.trade_stream - ERROR - [实时流] 异常: [Errno 54] Connection reset by peer
Traceback (most recent call last):
  File "/Users/curtdk/.openclaw/workspace/fastapiGmgn/app/services/trade_stream.py", line 72, in _stream_loop
    async with websockets.connect(url) as ws:
               ~~~~~~~~~~~~~~~~~~^^^^^
  File "/Users/curtdk/.pyenv/versions/3.13.12/lib/python3.13/site-packages/websockets/legacy/client.py", line 642, in __aenter__
    return await self
           ^^^^^^^^^^
  File "/Users/curtdk/.pyenv/versions/3.13.12/lib/python3.13/site-packages/websockets/legacy/client.py", line 659, in __await_impl_timeout__
    return await asyncio.wait_for(self.__await_impl__(), self.open_timeout)
           ^^^^^^^^^^^^^^^^^^^^^^^^^^^^^^^^^^^^^^^^^^^^^^^^^^^^^^^^^^^^^^^^
  File "/Users/curtdk/.pyenv/versions/3.13.12/lib/python3.13/asyncio/tasks.py", line 507, in wait_for
    return await fut
           ^^^^^^^^^
  File "/Users/curtdk/.pyenv/versions/3.13.12/lib/python3.13/site-packages/websockets/legacy/client.py", line 663, in __await_impl__
    _transport, _protocol = await self._create_connection()
                            ^^^^^^^^^^^^^^^^^^^^^^^^^^^^^^^
  File "uvloop/loop.pyx", line 2088, in create_connection
    raise
  File "uvloop/loop.pyx", line 2083, in uvloop.loop.Loop.create_connection
    await ssl_waiter
ConnectionResetError: [Errno 54] Connection reset by peer
2026-07-28 22:37:48,956 - app.services.trade_stream - ERROR - [实时流] 异常: [Errno 54] Connection reset by peer
Traceback (most recent call last):
  File "/Users/curtdk/.openclaw/workspace/fastapiGmgn/app/services/trade_stream.py", line 72, in _stream_loop
    async with websockets.connect(url) as ws:
               ~~~~~~~~~~~~~~~~~~^^^^^
  File "/Users/curtdk/.pyenv/versions/3.13.12/lib/python3.13/site-packages/websockets/legacy/client.py", line 642, in __aenter__
    return await self
           ^^^^^^^^^^
  File "/Users/curtdk/.pyenv/versions/3.13.12/lib/python3.13/site-packages/websockets/legacy/client.py", line 659, in __await_impl_timeout__
    return await asyncio.wait_for(self.__await_impl__(), self.open_timeout)
           ^^^^^^^^^^^^^^^^^^^^^^^^^^^^^^^^^^^^^^^^^^^^^^^^^^^^^^^^^^^^^^^^
  File "/Users/curtdk/.pyenv/versions/3.13.12/lib/python3.13/asyncio/tasks.py", line 507, in wait_for
    return await fut
           ^^^^^^^^^
  File "/Users/curtdk/.pyenv/versions/3.13.12/lib/python3.13/site-packages/websockets/legacy/client.py", line 663, in __await_impl__
    _transport, _protocol = await self._create_connection()
                            ^^^^^^^^^^^^^^^^^^^^^^^^^^^^^^^
  File "uvloop/loop.pyx", line 2088, in create_connection
    raise
  File "uvloop/loop.pyx", line 2083, in uvloop.loop.Loop.create_connection
    await ssl_waiter
ConnectionResetError: [Errno 54] Connection reset by peer
2026-07-28 22:37:52,070 - app.services.trade_stream - ERROR - [实时流] 异常: [Errno 54] Connection reset by peer
Traceback (most recent call last):
  File "/Users/curtdk/.openclaw/workspace/fastapiGmgn/app/services/trade_stream.py", line 72, in _stream_loop
    async with websockets.connect(url) as ws:
               ~~~~~~~~~~~~~~~~~~^^^^^
  File "/Users/curtdk/.pyenv/versions/3.13.12/lib/python3.13/site-packages/websockets/legacy/client.py", line 642, in __aenter__
    return await self
           ^^^^^^^^^^
  File "/Users/curtdk/.pyenv/versions/3.13.12/lib/python3.13/site-packages/websockets/legacy/client.py", line 659, in __await_impl_timeout__
    return await asyncio.wait_for(self.__await_impl__(), self.open_timeout)
           ^^^^^^^^^^^^^^^^^^^^^^^^^^^^^^^^^^^^^^^^^^^^^^^^^^^^^^^^^^^^^^^^
  File "/Users/curtdk/.pyenv/versions/3.13.12/lib/python3.13/asyncio/tasks.py", line 507, in wait_for
    return await fut
           ^^^^^^^^^
  File "/Users/curtdk/.pyenv/versions/3.13.12/lib/python3.13/site-packages/websockets/legacy/client.py", line 663, in __await_impl__
    _transport, _protocol = await self._create_connection()
                            ^^^^^^^^^^^^^^^^^^^^^^^^^^^^^^^
  File "uvloop/loop.pyx", line 2088, in create_connection
    raise
  File "uvloop/loop.pyx", line 2083, in uvloop.loop.Loop.create_connection
    await ssl_waiter
ConnectionResetError: [Errno 54] Connection reset by peer
2026-07-28 22:37:55,185 - app.services.trade_stream - ERROR - [实时流] 异常: [Errno 54] Connection reset by peer
Traceback (most recent call last):
  File "/Users/curtdk/.openclaw/workspace/fastapiGmgn/app/services/trade_stream.py", line 72, in _stream_loop
    async with websockets.connect(url) as ws:
               ~~~~~~~~~~~~~~~~~~^^^^^
  File "/Users/curtdk/.pyenv/versions/3.13.12/lib/python3.13/site-packages/websockets/legacy/client.py", line 642, in __aenter__
    return await self
           ^^^^^^^^^^
  File "/Users/curtdk/.pyenv/versions/3.13.12/lib/python3.13/site-packages/websockets/legacy/client.py", line 659, in __await_impl_timeout__
    return await asyncio.wait_for(self.__await_impl__(), self.open_timeout)
           ^^^^^^^^^^^^^^^^^^^^^^^^^^^^^^^^^^^^^^^^^^^^^^^^^^^^^^^^^^^^^^^^
  File "/Users/curtdk/.pyenv/versions/3.13.12/lib/python3.13/asyncio/tasks.py", line 507, in wait_for
    return await fut
           ^^^^^^^^^
  File "/Users/curtdk/.pyenv/versions/3.13.12/lib/python3.13/site-packages/websockets/legacy/client.py", line 663, in __await_impl__
    _transport, _protocol = await self._create_connection()
                            ^^^^^^^^^^^^^^^^^^^^^^^^^^^^^^^
  File "uvloop/loop.pyx", line 2088, in create_connection
    raise
  File "uvloop/loop.pyx", line 2083, in uvloop.loop.Loop.create_connection
    await ssl_waiter
ConnectionResetError: [Errno 54] Connection reset by peer
2026-07-28 22:37:58,296 - app.services.trade_stream - ERROR - [实时流] 异常: [Errno 54] Connection reset by peer
Traceback (most recent call last):
  File "/Users/curtdk/.openclaw/workspace/fastapiGmgn/app/services/trade_stream.py", line 72, in _stream_loop
    async with websockets.connect(url) as ws:
               ~~~~~~~~~~~~~~~~~~^^^^^
  File "/Users/curtdk/.pyenv/versions/3.13.12/lib/python3.13/site-packages/websockets/legacy/client.py", line 642, in __aenter__
    return await self
           ^^^^^^^^^^
  File "/Users/curtdk/.pyenv/versions/3.13.12/lib/python3.13/site-packages/websockets/legacy/client.py", line 659, in __await_impl_timeout__
    return await asyncio.wait_for(self.__await_impl__(), self.open_timeout)
           ^^^^^^^^^^^^^^^^^^^^^^^^^^^^^^^^^^^^^^^^^^^^^^^^^^^^^^^^^^^^^^^^
  File "/Users/curtdk/.pyenv/versions/3.13.12/lib/python3.13/asyncio/tasks.py", line 507, in wait_for
    return await fut
           ^^^^^^^^^
  File "/Users/curtdk/.pyenv/versions/3.13.12/lib/python3.13/site-packages/websockets/legacy/client.py", line 663, in __await_impl__
    _transport, _protocol = await self._create_connection()
                            ^^^^^^^^^^^^^^^^^^^^^^^^^^^^^^^
  File "uvloop/loop.pyx", line 2088, in create_connection
    raise
  File "uvloop/loop.pyx", line 2083, in uvloop.loop.Loop.create_connection
    await ssl_waiter
ConnectionResetError: [Errno 54] Connection reset by peer
2026-07-28 22:38:01,403 - app.services.trade_stream - ERROR - [实时流] 异常: [Errno 54] Connection reset by peer
Traceback (most recent call last):
  File "/Users/curtdk/.openclaw/workspace/fastapiGmgn/app/services/trade_stream.py", line 72, in _stream_loop
    async with websockets.connect(url) as ws:
               ~~~~~~~~~~~~~~~~~~^^^^^
  File "/Users/curtdk/.pyenv/versions/3.13.12/lib/python3.13/site-packages/websockets/legacy/client.py", line 642, in __aenter__
    return await self
           ^^^^^^^^^^
  File "/Users/curtdk/.pyenv/versions/3.13.12/lib/python3.13/site-packages/websockets/legacy/client.py", line 659, in __await_impl_timeout__
    return await asyncio.wait_for(self.__await_impl__(), self.open_timeout)
           ^^^^^^^^^^^^^^^^^^^^^^^^^^^^^^^^^^^^^^^^^^^^^^^^^^^^^^^^^^^^^^^^
  File "/Users/curtdk/.pyenv/versions/3.13.12/lib/python3.13/asyncio/tasks.py", line 507, in wait_for
    return await fut
           ^^^^^^^^^
  File "/Users/curtdk/.pyenv/versions/3.13.12/lib/python3.13/site-packages/websockets/legacy/client.py", line 663, in __await_impl__
    _transport, _protocol = await self._create_connection()
                            ^^^^^^^^^^^^^^^^^^^^^^^^^^^^^^^
  File "uvloop/loop.pyx", line 2088, in create_connection
    raise
  File "uvloop/loop.pyx", line 2083, in uvloop.loop.Loop.create_connection
    await ssl_waiter
ConnectionResetError: [Errno 54] Connection reset by peer
2026-07-28 22:38:04,508 - app.services.trade_stream - ERROR - [实时流] 异常: [Errno 54] Connection reset by peer
Traceback (most recent call last):
  File "/Users/curtdk/.openclaw/workspace/fastapiGmgn/app/services/trade_stream.py", line 72, in _stream_loop
    async with websockets.connect(url) as ws:
               ~~~~~~~~~~~~~~~~~~^^^^^
  File "/Users/curtdk/.pyenv/versions/3.13.12/lib/python3.13/site-packages/websockets/legacy/client.py", line 642, in __aenter__
    return await self
           ^^^^^^^^^^
  File "/Users/curtdk/.pyenv/versions/3.13.12/lib/python3.13/site-packages/websockets/legacy/client.py", line 659, in __await_impl_timeout__
    return await asyncio.wait_for(self.__await_impl__(), self.open_timeout)
           ^^^^^^^^^^^^^^^^^^^^^^^^^^^^^^^^^^^^^^^^^^^^^^^^^^^^^^^^^^^^^^^^
  File "/Users/curtdk/.pyenv/versions/3.13.12/lib/python3.13/asyncio/tasks.py", line 507, in wait_for
    return await fut
           ^^^^^^^^^
  File "/Users/curtdk/.pyenv/versions/3.13.12/lib/python3.13/site-packages/websockets/legacy/client.py", line 663, in __await_impl__
    _transport, _protocol = await self._create_connection()
                            ^^^^^^^^^^^^^^^^^^^^^^^^^^^^^^^
  File "uvloop/loop.pyx", line 2088, in create_connection
    raise
  File "uvloop/loop.pyx", line 2083, in uvloop.loop.Loop.create_connection
    await ssl_waiter
ConnectionResetError: [Errno 54] Connection reset by peer
2026-07-28 22:38:07,625 - app.services.trade_stream - ERROR - [实时流] 异常: [Errno 54] Connection reset by peer
Traceback (most recent call last):
  File "/Users/curtdk/.openclaw/workspace/fastapiGmgn/app/services/trade_stream.py", line 72, in _stream_loop
    async with websockets.connect(url) as ws:
               ~~~~~~~~~~~~~~~~~~^^^^^
  File "/Users/curtdk/.pyenv/versions/3.13.12/lib/python3.13/site-packages/websockets/legacy/client.py", line 642, in __aenter__
    return await self
           ^^^^^^^^^^
  File "/Users/curtdk/.pyenv/versions/3.13.12/lib/python3.13/site-packages/websockets/legacy/client.py", line 659, in __await_impl_timeout__
    return await asyncio.wait_for(self.__await_impl__(), self.open_timeout)
           ^^^^^^^^^^^^^^^^^^^^^^^^^^^^^^^^^^^^^^^^^^^^^^^^^^^^^^^^^^^^^^^^
  File "/Users/curtdk/.pyenv/versions/3.13.12/lib/python3.13/asyncio/tasks.py", line 507, in wait_for
    return await fut
           ^^^^^^^^^
  File "/Users/curtdk/.pyenv/versions/3.13.12/lib/python3.13/site-packages/websockets/legacy/client.py", line 663, in __await_impl__
    _transport, _protocol = await self._create_connection()
                            ^^^^^^^^^^^^^^^^^^^^^^^^^^^^^^^
  File "uvloop/loop.pyx", line 2088, in create_connection
    raise
  File "uvloop/loop.pyx", line 2083, in uvloop.loop.Loop.create_connection
    await ssl_waiter
ConnectionResetError: [Errno 54] Connection reset by peer
2026-07-28 22:38:10,742 - app.services.trade_stream - ERROR - [实时流] 异常: [Errno 54] Connection reset by peer
Traceback (most recent call last):
  File "/Users/curtdk/.openclaw/workspace/fastapiGmgn/app/services/trade_stream.py", line 72, in _stream_loop
    async with websockets.connect(url) as ws:
               ~~~~~~~~~~~~~~~~~~^^^^^
  File "/Users/curtdk/.pyenv/versions/3.13.12/lib/python3.13/site-packages/websockets/legacy/client.py", line 642, in __aenter__
    return await self
           ^^^^^^^^^^
  File "/Users/curtdk/.pyenv/versions/3.13.12/lib/python3.13/site-packages/websockets/legacy/client.py", line 659, in __await_impl_timeout__
    return await asyncio.wait_for(self.__await_impl__(), self.open_timeout)
           ^^^^^^^^^^^^^^^^^^^^^^^^^^^^^^^^^^^^^^^^^^^^^^^^^^^^^^^^^^^^^^^^
  File "/Users/curtdk/.pyenv/versions/3.13.12/lib/python3.13/asyncio/tasks.py", line 507, in wait_for
    return await fut
           ^^^^^^^^^
  File "/Users/curtdk/.pyenv/versions/3.13.12/lib/python3.13/site-packages/websockets/legacy/client.py", line 663, in __await_impl__
    _transport, _protocol = await self._create_connection()
                            ^^^^^^^^^^^^^^^^^^^^^^^^^^^^^^^
  File "uvloop/loop.pyx", line 2088, in create_connection
    raise
  File "uvloop/loop.pyx", line 2083, in uvloop.loop.Loop.create_connection
    await ssl_waiter
ConnectionResetError: [Errno 54] Connection reset by peer
2026-07-28 22:38:13,861 - app.services.trade_stream - ERROR - [实时流] 异常: [Errno 54] Connection reset by peer
Traceback (most recent call last):
  File "/Users/curtdk/.openclaw/workspace/fastapiGmgn/app/services/trade_stream.py", line 72, in _stream_loop
    async with websockets.connect(url) as ws:
               ~~~~~~~~~~~~~~~~~~^^^^^
  File "/Users/curtdk/.pyenv/versions/3.13.12/lib/python3.13/site-packages/websockets/legacy/client.py", line 642, in __aenter__
    return await self
           ^^^^^^^^^^
  File "/Users/curtdk/.pyenv/versions/3.13.12/lib/python3.13/site-packages/websockets/legacy/client.py", line 659, in __await_impl_timeout__
    return await asyncio.wait_for(self.__await_impl__(), self.open_timeout)
           ^^^^^^^^^^^^^^^^^^^^^^^^^^^^^^^^^^^^^^^^^^^^^^^^^^^^^^^^^^^^^^^^
  File "/Users/curtdk/.pyenv/versions/3.13.12/lib/python3.13/asyncio/tasks.py", line 507, in wait_for
    return await fut
           ^^^^^^^^^
  File "/Users/curtdk/.pyenv/versions/3.13.12/lib/python3.13/site-packages/websockets/legacy/client.py", line 663, in __await_impl__
    _transport, _protocol = await self._create_connection()
                            ^^^^^^^^^^^^^^^^^^^^^^^^^^^^^^^
  File "uvloop/loop.pyx", line 2088, in create_connection
    raise
  File "uvloop/loop.pyx", line 2083, in uvloop.loop.Loop.create_connection
    await ssl_waiter
ConnectionResetError: [Errno 54] Connection reset by peer
2026-07-28 22:38:16,969 - app.services.trade_stream - ERROR - [实时流] 异常: [Errno 54] Connection reset by peer
Traceback (most recent call last):
  File "/Users/curtdk/.openclaw/workspace/fastapiGmgn/app/services/trade_stream.py", line 72, in _stream_loop
    async with websockets.connect(url) as ws:
               ~~~~~~~~~~~~~~~~~~^^^^^
  File "/Users/curtdk/.pyenv/versions/3.13.12/lib/python3.13/site-packages/websockets/legacy/client.py", line 642, in __aenter__
    return await self
           ^^^^^^^^^^
  File "/Users/curtdk/.pyenv/versions/3.13.12/lib/python3.13/site-packages/websockets/legacy/client.py", line 659, in __await_impl_timeout__
    return await asyncio.wait_for(self.__await_impl__(), self.open_timeout)
           ^^^^^^^^^^^^^^^^^^^^^^^^^^^^^^^^^^^^^^^^^^^^^^^^^^^^^^^^^^^^^^^^
  File "/Users/curtdk/.pyenv/versions/3.13.12/lib/python3.13/asyncio/tasks.py", line 507, in wait_for
    return await fut
           ^^^^^^^^^
  File "/Users/curtdk/.pyenv/versions/3.13.12/lib/python3.13/site-packages/websockets/legacy/client.py", line 663, in __await_impl__
    _transport, _protocol = await self._create_connection()
                            ^^^^^^^^^^^^^^^^^^^^^^^^^^^^^^^
  File "uvloop/loop.pyx", line 2088, in create_connection
    raise
  File "uvloop/loop.pyx", line 2083, in uvloop.loop.Loop.create_connection
    await ssl_waiter
ConnectionResetError: [Errno 54] Connection reset by peer
2026-07-28 22:38:20,068 - app.services.trade_stream - ERROR - [实时流] 异常: [Errno 54] Connection reset by peer
Traceback (most recent call last):
  File "/Users/curtdk/.openclaw/workspace/fastapiGmgn/app/services/trade_stream.py", line 72, in _stream_loop
    async with websockets.connect(url) as ws:
               ~~~~~~~~~~~~~~~~~~^^^^^
  File "/Users/curtdk/.pyenv/versions/3.13.12/lib/python3.13/site-packages/websockets/legacy/client.py", line 642, in __aenter__
    return await self
           ^^^^^^^^^^
  File "/Users/curtdk/.pyenv/versions/3.13.12/lib/python3.13/site-packages/websockets/legacy/client.py", line 659, in __await_impl_timeout__
    return await asyncio.wait_for(self.__await_impl__(), self.open_timeout)
           ^^^^^^^^^^^^^^^^^^^^^^^^^^^^^^^^^^^^^^^^^^^^^^^^^^^^^^^^^^^^^^^^
  File "/Users/curtdk/.pyenv/versions/3.13.12/lib/python3.13/asyncio/tasks.py", line 507, in wait_for
    return await fut
           ^^^^^^^^^
  File "/Users/curtdk/.pyenv/versions/3.13.12/lib/python3.13/site-packages/websockets/legacy/client.py", line 663, in __await_impl__
    _transport, _protocol = await self._create_connection()
                            ^^^^^^^^^^^^^^^^^^^^^^^^^^^^^^^
  File "uvloop/loop.pyx", line 2088, in create_connection
    raise
  File "uvloop/loop.pyx", line 2083, in uvloop.loop.Loop.create_connection
    await ssl_waiter
ConnectionResetError: [Errno 54] Connection reset by peer
2026-07-28 22:38:23,169 - app.services.trade_stream - ERROR - [实时流] 异常: [Errno 54] Connection reset by peer
Traceback (most recent call last):
  File "/Users/curtdk/.openclaw/workspace/fastapiGmgn/app/services/trade_stream.py", line 72, in _stream_loop
    async with websockets.connect(url) as ws:
               ~~~~~~~~~~~~~~~~~~^^^^^
  File "/Users/curtdk/.pyenv/versions/3.13.12/lib/python3.13/site-packages/websockets/legacy/client.py", line 642, in __aenter__
    return await self
           ^^^^^^^^^^
  File "/Users/curtdk/.pyenv/versions/3.13.12/lib/python3.13/site-packages/websockets/legacy/client.py", line 659, in __await_impl_timeout__
    return await asyncio.wait_for(self.__await_impl__(), self.open_timeout)
           ^^^^^^^^^^^^^^^^^^^^^^^^^^^^^^^^^^^^^^^^^^^^^^^^^^^^^^^^^^^^^^^^
  File "/Users/curtdk/.pyenv/versions/3.13.12/lib/python3.13/asyncio/tasks.py", line 507, in wait_for
    return await fut
           ^^^^^^^^^
  File "/Users/curtdk/.pyenv/versions/3.13.12/lib/python3.13/site-packages/websockets/legacy/client.py", line 663, in __await_impl__
    _transport, _protocol = await self._create_connection()
                            ^^^^^^^^^^^^^^^^^^^^^^^^^^^^^^^
  File "uvloop/loop.pyx", line 2088, in create_connection
    raise
  File "uvloop/loop.pyx", line 2083, in uvloop.loop.Loop.create_connection
    await ssl_waiter
ConnectionResetError: [Errno 54] Connection reset by peer
2026-07-28 22:38:27,277 - app.services.trade_stream - ERROR - [实时流] 异常: [Errno 54] Connection reset by peer
Traceback (most recent call last):
  File "/Users/curtdk/.openclaw/workspace/fastapiGmgn/app/services/trade_stream.py", line 72, in _stream_loop
    async with websockets.connect(url) as ws:
               ~~~~~~~~~~~~~~~~~~^^^^^
  File "/Users/curtdk/.pyenv/versions/3.13.12/lib/python3.13/site-packages/websockets/legacy/client.py", line 642, in __aenter__
    return await self
           ^^^^^^^^^^
  File "/Users/curtdk/.pyenv/versions/3.13.12/lib/python3.13/site-packages/websockets/legacy/client.py", line 659, in __await_impl_timeout__
    return await asyncio.wait_for(self.__await_impl__(), self.open_timeout)
           ^^^^^^^^^^^^^^^^^^^^^^^^^^^^^^^^^^^^^^^^^^^^^^^^^^^^^^^^^^^^^^^^
  File "/Users/curtdk/.pyenv/versions/3.13.12/lib/python3.13/asyncio/tasks.py", line 507, in wait_for
    return await fut
           ^^^^^^^^^
  File "/Users/curtdk/.pyenv/versions/3.13.12/lib/python3.13/site-packages/websockets/legacy/client.py", line 663, in __await_impl__
    _transport, _protocol = await self._create_connection()
                            ^^^^^^^^^^^^^^^^^^^^^^^^^^^^^^^
  File "uvloop/loop.pyx", line 2088, in create_connection
    raise
  File "uvloop/loop.pyx", line 2083, in uvloop.loop.Loop.create_connection
    await ssl_waiter
ConnectionResetError: [Errno 54] Connection reset by peer
2026-07-28 22:38:30,383 - app.services.trade_stream - ERROR - [实时流] 异常: [Errno 54] Connection reset by peer
Traceback (most recent call last):
  File "/Users/curtdk/.openclaw/workspace/fastapiGmgn/app/services/trade_stream.py", line 72, in _stream_loop
    async with websockets.connect(url) as ws:
               ~~~~~~~~~~~~~~~~~~^^^^^
  File "/Users/curtdk/.pyenv/versions/3.13.12/lib/python3.13/site-packages/websockets/legacy/client.py", line 642, in __aenter__
    return await self
           ^^^^^^^^^^
  File "/Users/curtdk/.pyenv/versions/3.13.12/lib/python3.13/site-packages/websockets/legacy/client.py", line 659, in __await_impl_timeout__
    return await asyncio.wait_for(self.__await_impl__(), self.open_timeout)
           ^^^^^^^^^^^^^^^^^^^^^^^^^^^^^^^^^^^^^^^^^^^^^^^^^^^^^^^^^^^^^^^^
  File "/Users/curtdk/.pyenv/versions/3.13.12/lib/python3.13/asyncio/tasks.py", line 507, in wait_for
    return await fut
           ^^^^^^^^^
  File "/Users/curtdk/.pyenv/versions/3.13.12/lib/python3.13/site-packages/websockets/legacy/client.py", line 663, in __await_impl__
    _transport, _protocol = await self._create_connection()
                            ^^^^^^^^^^^^^^^^^^^^^^^^^^^^^^^
  File "uvloop/loop.pyx", line 2088, in create_connection
    raise
  File "uvloop/loop.pyx", line 2083, in uvloop.loop.Loop.create_connection
    await ssl_waiter
ConnectionResetError: [Errno 54] Connection reset by peer
2026-07-28 22:38:33,488 - app.services.trade_stream - ERROR - [实时流] 异常: [Errno 54] Connection reset by peer
Traceback (most recent call last):
  File "/Users/curtdk/.openclaw/workspace/fastapiGmgn/app/services/trade_stream.py", line 72, in _stream_loop
    async with websockets.connect(url) as ws:
               ~~~~~~~~~~~~~~~~~~^^^^^
  File "/Users/curtdk/.pyenv/versions/3.13.12/lib/python3.13/site-packages/websockets/legacy/client.py", line 642, in __aenter__
    return await self
           ^^^^^^^^^^
  File "/Users/curtdk/.pyenv/versions/3.13.12/lib/python3.13/site-packages/websockets/legacy/client.py", line 659, in __await_impl_timeout__
    return await asyncio.wait_for(self.__await_impl__(), self.open_timeout)
           ^^^^^^^^^^^^^^^^^^^^^^^^^^^^^^^^^^^^^^^^^^^^^^^^^^^^^^^^^^^^^^^^
  File "/Users/curtdk/.pyenv/versions/3.13.12/lib/python3.13/asyncio/tasks.py", line 507, in wait_for
    return await fut
           ^^^^^^^^^
  File "/Users/curtdk/.pyenv/versions/3.13.12/lib/python3.13/site-packages/websockets/legacy/client.py", line 663, in __await_impl__
    _transport, _protocol = await self._create_connection()
                            ^^^^^^^^^^^^^^^^^^^^^^^^^^^^^^^
  File "uvloop/loop.pyx", line 2088, in create_connection
    raise
  File "uvloop/loop.pyx", line 2083, in uvloop.loop.Loop.create_connection
    await ssl_waiter
ConnectionResetError: [Errno 54] Connection reset by peer
2026-07-28 22:38:36,597 - app.services.trade_stream - ERROR - [实时流] 异常: [Errno 54] Connection reset by peer
Traceback (most recent call last):
  File "/Users/curtdk/.openclaw/workspace/fastapiGmgn/app/services/trade_stream.py", line 72, in _stream_loop
    async with websockets.connect(url) as ws:
               ~~~~~~~~~~~~~~~~~~^^^^^
  File "/Users/curtdk/.pyenv/versions/3.13.12/lib/python3.13/site-packages/websockets/legacy/client.py", line 642, in __aenter__
    return await self
           ^^^^^^^^^^
  File "/Users/curtdk/.pyenv/versions/3.13.12/lib/python3.13/site-packages/websockets/legacy/client.py", line 659, in __await_impl_timeout__
    return await asyncio.wait_for(self.__await_impl__(), self.open_timeout)
           ^^^^^^^^^^^^^^^^^^^^^^^^^^^^^^^^^^^^^^^^^^^^^^^^^^^^^^^^^^^^^^^^
  File "/Users/curtdk/.pyenv/versions/3.13.12/lib/python3.13/asyncio/tasks.py", line 507, in wait_for
    return await fut
           ^^^^^^^^^
  File "/Users/curtdk/.pyenv/versions/3.13.12/lib/python3.13/site-packages/websockets/legacy/client.py", line 663, in __await_impl__
    _transport, _protocol = await self._create_connection()
                            ^^^^^^^^^^^^^^^^^^^^^^^^^^^^^^^
  File "uvloop/loop.pyx", line 2088, in create_connection
    raise
  File "uvloop/loop.pyx", line 2083, in uvloop.loop.Loop.create_connection
    await ssl_waiter
ConnectionResetError: [Errno 54] Connection reset by peer
2026-07-28 22:38:39,705 - app.services.trade_stream - ERROR - [实时流] 异常: [Errno 54] Connection reset by peer
Traceback (most recent call last):
  File "/Users/curtdk/.openclaw/workspace/fastapiGmgn/app/services/trade_stream.py", line 72, in _stream_loop
    async with websockets.connect(url) as ws:
               ~~~~~~~~~~~~~~~~~~^^^^^
  File "/Users/curtdk/.pyenv/versions/3.13.12/lib/python3.13/site-packages/websockets/legacy/client.py", line 642, in __aenter__
    return await self
           ^^^^^^^^^^
  File "/Users/curtdk/.pyenv/versions/3.13.12/lib/python3.13/site-packages/websockets/legacy/client.py", line 659, in __await_impl_timeout__
    return await asyncio.wait_for(self.__await_impl__(), self.open_timeout)
           ^^^^^^^^^^^^^^^^^^^^^^^^^^^^^^^^^^^^^^^^^^^^^^^^^^^^^^^^^^^^^^^^
  File "/Users/curtdk/.pyenv/versions/3.13.12/lib/python3.13/asyncio/tasks.py", line 507, in wait_for
    return await fut
           ^^^^^^^^^
  File "/Users/curtdk/.pyenv/versions/3.13.12/lib/python3.13/site-packages/websockets/legacy/client.py", line 663, in __await_impl__
    _transport, _protocol = await self._create_connection()
                            ^^^^^^^^^^^^^^^^^^^^^^^^^^^^^^^
  File "uvloop/loop.pyx", line 2088, in create_connection
    raise
  File "uvloop/loop.pyx", line 2083, in uvloop.loop.Loop.create_connection
    await ssl_waiter
ConnectionResetError: [Errno 54] Connection reset by peer
2026-07-28 22:38:42,827 - app.services.trade_stream - ERROR - [实时流] 异常: [Errno 54] Connection reset by peer
Traceback (most recent call last):
  File "/Users/curtdk/.openclaw/workspace/fastapiGmgn/app/services/trade_stream.py", line 72, in _stream_loop
    async with websockets.connect(url) as ws:
               ~~~~~~~~~~~~~~~~~~^^^^^
  File "/Users/curtdk/.pyenv/versions/3.13.12/lib/python3.13/site-packages/websockets/legacy/client.py", line 642, in __aenter__
    return await self
           ^^^^^^^^^^
  File "/Users/curtdk/.pyenv/versions/3.13.12/lib/python3.13/site-packages/websockets/legacy/client.py", line 659, in __await_impl_timeout__
    return await asyncio.wait_for(self.__await_impl__(), self.open_timeout)
           ^^^^^^^^^^^^^^^^^^^^^^^^^^^^^^^^^^^^^^^^^^^^^^^^^^^^^^^^^^^^^^^^
  File "/Users/curtdk/.pyenv/versions/3.13.12/lib/python3.13/asyncio/tasks.py", line 507, in wait_for
    return await fut
           ^^^^^^^^^
  File "/Users/curtdk/.pyenv/versions/3.13.12/lib/python3.13/site-packages/websockets/legacy/client.py", line 663, in __await_impl__
    _transport, _protocol = await self._create_connection()
                            ^^^^^^^^^^^^^^^^^^^^^^^^^^^^^^^
  File "uvloop/loop.pyx", line 2088, in create_connection
    raise
  File "uvloop/loop.pyx", line 2083, in uvloop.loop.Loop.create_connection
    await ssl_waiter
ConnectionResetError: [Errno 54] Connection reset by peer
2026-07-28 22:38:45,932 - app.services.trade_stream - ERROR - [实时流] 异常: [Errno 54] Connection reset by peer
Traceback (most recent call last):
  File "/Users/curtdk/.openclaw/workspace/fastapiGmgn/app/services/trade_stream.py", line 72, in _stream_loop
    async with websockets.connect(url) as ws:
               ~~~~~~~~~~~~~~~~~~^^^^^
  File "/Users/curtdk/.pyenv/versions/3.13.12/lib/python3.13/site-packages/websockets/legacy/client.py", line 642, in __aenter__
    return await self
           ^^^^^^^^^^
  File "/Users/curtdk/.pyenv/versions/3.13.12/lib/python3.13/site-packages/websockets/legacy/client.py", line 659, in __await_impl_timeout__
    return await asyncio.wait_for(self.__await_impl__(), self.open_timeout)
           ^^^^^^^^^^^^^^^^^^^^^^^^^^^^^^^^^^^^^^^^^^^^^^^^^^^^^^^^^^^^^^^^
  File "/Users/curtdk/.pyenv/versions/3.13.12/lib/python3.13/asyncio/tasks.py", line 507, in wait_for
    return await fut
           ^^^^^^^^^
  File "/Users/curtdk/.pyenv/versions/3.13.12/lib/python3.13/site-packages/websockets/legacy/client.py", line 663, in __await_impl__
    _transport, _protocol = await self._create_connection()
                            ^^^^^^^^^^^^^^^^^^^^^^^^^^^^^^^
  File "uvloop/loop.pyx", line 2088, in create_connection
    raise
  File "uvloop/loop.pyx", line 2083, in uvloop.loop.Loop.create_connection
    await ssl_waiter
ConnectionResetError: [Errno 54] Connection reset by peer
2026-07-28 22:38:49,037 - app.services.trade_stream - ERROR - [实时流] 异常: [Errno 54] Connection reset by peer
Traceback (most recent call last):
  File "/Users/curtdk/.openclaw/workspace/fastapiGmgn/app/services/trade_stream.py", line 72, in _stream_loop
    async with websockets.connect(url) as ws:
               ~~~~~~~~~~~~~~~~~~^^^^^
  File "/Users/curtdk/.pyenv/versions/3.13.12/lib/python3.13/site-packages/websockets/legacy/client.py", line 642, in __aenter__
    return await self
           ^^^^^^^^^^
  File "/Users/curtdk/.pyenv/versions/3.13.12/lib/python3.13/site-packages/websockets/legacy/client.py", line 659, in __await_impl_timeout__
    return await asyncio.wait_for(self.__await_impl__(), self.open_timeout)
           ^^^^^^^^^^^^^^^^^^^^^^^^^^^^^^^^^^^^^^^^^^^^^^^^^^^^^^^^^^^^^^^^
  File "/Users/curtdk/.pyenv/versions/3.13.12/lib/python3.13/asyncio/tasks.py", line 507, in wait_for
    return await fut
           ^^^^^^^^^
  File "/Users/curtdk/.pyenv/versions/3.13.12/lib/python3.13/site-packages/websockets/legacy/client.py", line 663, in __await_impl__
    _transport, _protocol = await self._create_connection()
                            ^^^^^^^^^^^^^^^^^^^^^^^^^^^^^^^
  File "uvloop/loop.pyx", line 2088, in create_connection
    raise
  File "uvloop/loop.pyx", line 2083, in uvloop.loop.Loop.create_connection
    await ssl_waiter
ConnectionResetError: [Errno 54] Connection reset by peer
2026-07-28 22:38:52,141 - app.services.trade_stream - ERROR - [实时流] 异常: [Errno 54] Connection reset by peer
Traceback (most recent call last):
  File "/Users/curtdk/.openclaw/workspace/fastapiGmgn/app/services/trade_stream.py", line 72, in _stream_loop
    async with websockets.connect(url) as ws:
               ~~~~~~~~~~~~~~~~~~^^^^^
  File "/Users/curtdk/.pyenv/versions/3.13.12/lib/python3.13/site-packages/websockets/legacy/client.py", line 642, in __aenter__
    return await self
           ^^^^^^^^^^
  File "/Users/curtdk/.pyenv/versions/3.13.12/lib/python3.13/site-packages/websockets/legacy/client.py", line 659, in __await_impl_timeout__
    return await asyncio.wait_for(self.__await_impl__(), self.open_timeout)
           ^^^^^^^^^^^^^^^^^^^^^^^^^^^^^^^^^^^^^^^^^^^^^^^^^^^^^^^^^^^^^^^^
  File "/Users/curtdk/.pyenv/versions/3.13.12/lib/python3.13/asyncio/tasks.py", line 507, in wait_for
    return await fut
           ^^^^^^^^^
  File "/Users/curtdk/.pyenv/versions/3.13.12/lib/python3.13/site-packages/websockets/legacy/client.py", line 663, in __await_impl__
    _transport, _protocol = await self._create_connection()
                            ^^^^^^^^^^^^^^^^^^^^^^^^^^^^^^^
  File "uvloop/loop.pyx", line 2088, in create_connection
    raise
  File "uvloop/loop.pyx", line 2083, in uvloop.loop.Loop.create_connection
    await ssl_waiter
ConnectionResetError: [Errno 54] Connection reset by peer
2026-07-28 22:38:55,258 - app.services.trade_stream - ERROR - [实时流] 异常: [Errno 54] Connection reset by peer
Traceback (most recent call last):
  File "/Users/curtdk/.openclaw/workspace/fastapiGmgn/app/services/trade_stream.py", line 72, in _stream_loop
    async with websockets.connect(url) as ws:
               ~~~~~~~~~~~~~~~~~~^^^^^
  File "/Users/curtdk/.pyenv/versions/3.13.12/lib/python3.13/site-packages/websockets/legacy/client.py", line 642, in __aenter__
    return await self
           ^^^^^^^^^^
  File "/Users/curtdk/.pyenv/versions/3.13.12/lib/python3.13/site-packages/websockets/legacy/client.py", line 659, in __await_impl_timeout__
    return await asyncio.wait_for(self.__await_impl__(), self.open_timeout)
           ^^^^^^^^^^^^^^^^^^^^^^^^^^^^^^^^^^^^^^^^^^^^^^^^^^^^^^^^^^^^^^^^
  File "/Users/curtdk/.pyenv/versions/3.13.12/lib/python3.13/asyncio/tasks.py", line 507, in wait_for
    return await fut
           ^^^^^^^^^
  File "/Users/curtdk/.pyenv/versions/3.13.12/lib/python3.13/site-packages/websockets/legacy/client.py", line 663, in __await_impl__
    _transport, _protocol = await self._create_connection()
                            ^^^^^^^^^^^^^^^^^^^^^^^^^^^^^^^
  File "uvloop/loop.pyx", line 2088, in create_connection
    raise
  File "uvloop/loop.pyx", line 2083, in uvloop.loop.Loop.create_connection
    await ssl_waiter
ConnectionResetError: [Errno 54] Connection reset by peer
2026-07-28 22:38:58,374 - app.services.trade_stream - ERROR - [实时流] 异常: [Errno 54] Connection reset by peer
Traceback (most recent call last):
  File "/Users/curtdk/.openclaw/workspace/fastapiGmgn/app/services/trade_stream.py", line 72, in _stream_loop
    async with websockets.connect(url) as ws:
               ~~~~~~~~~~~~~~~~~~^^^^^
  File "/Users/curtdk/.pyenv/versions/3.13.12/lib/python3.13/site-packages/websockets/legacy/client.py", line 642, in __aenter__
    return await self
           ^^^^^^^^^^
  File "/Users/curtdk/.pyenv/versions/3.13.12/lib/python3.13/site-packages/websockets/legacy/client.py", line 659, in __await_impl_timeout__
    return await asyncio.wait_for(self.__await_impl__(), self.open_timeout)
           ^^^^^^^^^^^^^^^^^^^^^^^^^^^^^^^^^^^^^^^^^^^^^^^^^^^^^^^^^^^^^^^^
  File "/Users/curtdk/.pyenv/versions/3.13.12/lib/python3.13/asyncio/tasks.py", line 507, in wait_for
    return await fut
           ^^^^^^^^^
  File "/Users/curtdk/.pyenv/versions/3.13.12/lib/python3.13/site-packages/websockets/legacy/client.py", line 663, in __await_impl__
    _transport, _protocol = await self._create_connection()
                            ^^^^^^^^^^^^^^^^^^^^^^^^^^^^^^^
  File "uvloop/loop.pyx", line 2088, in create_connection
    raise
  File "uvloop/loop.pyx", line 2083, in uvloop.loop.Loop.create_connection
    await ssl_waiter
ConnectionResetError: [Errno 54] Connection reset by peer
2026-07-28 22:39:01,480 - app.services.trade_stream - ERROR - [实时流] 异常: [Errno 54] Connection reset by peer
Traceback (most recent call last):
  File "/Users/curtdk/.openclaw/workspace/fastapiGmgn/app/services/trade_stream.py", line 72, in _stream_loop
    async with websockets.connect(url) as ws:
               ~~~~~~~~~~~~~~~~~~^^^^^
  File "/Users/curtdk/.pyenv/versions/3.13.12/lib/python3.13/site-packages/websockets/legacy/client.py", line 642, in __aenter__
    return await self
           ^^^^^^^^^^
  File "/Users/curtdk/.pyenv/versions/3.13.12/lib/python3.13/site-packages/websockets/legacy/client.py", line 659, in __await_impl_timeout__
    return await asyncio.wait_for(self.__await_impl__(), self.open_timeout)
           ^^^^^^^^^^^^^^^^^^^^^^^^^^^^^^^^^^^^^^^^^^^^^^^^^^^^^^^^^^^^^^^^
  File "/Users/curtdk/.pyenv/versions/3.13.12/lib/python3.13/asyncio/tasks.py", line 507, in wait_for
    return await fut
           ^^^^^^^^^
  File "/Users/curtdk/.pyenv/versions/3.13.12/lib/python3.13/site-packages/websockets/legacy/client.py", line 663, in __await_impl__
    _transport, _protocol = await self._create_connection()
                            ^^^^^^^^^^^^^^^^^^^^^^^^^^^^^^^
  File "uvloop/loop.pyx", line 2088, in create_connection
    raise
  File "uvloop/loop.pyx", line 2083, in uvloop.loop.Loop.create_connection
    await ssl_waiter
ConnectionResetError: [Errno 54] Connection reset by peer
2026-07-28 22:39:04,588 - app.services.trade_stream - ERROR - [实时流] 异常: [Errno 54] Connection reset by peer
Traceback (most recent call last):
  File "/Users/curtdk/.openclaw/workspace/fastapiGmgn/app/services/trade_stream.py", line 72, in _stream_loop
    async with websockets.connect(url) as ws:
               ~~~~~~~~~~~~~~~~~~^^^^^
  File "/Users/curtdk/.pyenv/versions/3.13.12/lib/python3.13/site-packages/websockets/legacy/client.py", line 642, in __aenter__
    return await self
           ^^^^^^^^^^
  File "/Users/curtdk/.pyenv/versions/3.13.12/lib/python3.13/site-packages/websockets/legacy/client.py", line 659, in __await_impl_timeout__
    return await asyncio.wait_for(self.__await_impl__(), self.open_timeout)
           ^^^^^^^^^^^^^^^^^^^^^^^^^^^^^^^^^^^^^^^^^^^^^^^^^^^^^^^^^^^^^^^^
  File "/Users/curtdk/.pyenv/versions/3.13.12/lib/python3.13/asyncio/tasks.py", line 507, in wait_for
    return await fut
           ^^^^^^^^^
  File "/Users/curtdk/.pyenv/versions/3.13.12/lib/python3.13/site-packages/websockets/legacy/client.py", line 663, in __await_impl__
    _transport, _protocol = await self._create_connection()
                            ^^^^^^^^^^^^^^^^^^^^^^^^^^^^^^^
  File "uvloop/loop.pyx", line 2088, in create_connection
    raise
  File "uvloop/loop.pyx", line 2083, in uvloop.loop.Loop.create_connection
    await ssl_waiter
ConnectionResetError: [Errno 54] Connection reset by peer
2026-07-28 22:39:07,692 - app.services.trade_stream - ERROR - [实时流] 异常: [Errno 54] Connection reset by peer
Traceback (most recent call last):
  File "/Users/curtdk/.openclaw/workspace/fastapiGmgn/app/services/trade_stream.py", line 72, in _stream_loop
    async with websockets.connect(url) as ws:
               ~~~~~~~~~~~~~~~~~~^^^^^
  File "/Users/curtdk/.pyenv/versions/3.13.12/lib/python3.13/site-packages/websockets/legacy/client.py", line 642, in __aenter__
    return await self
           ^^^^^^^^^^
  File "/Users/curtdk/.pyenv/versions/3.13.12/lib/python3.13/site-packages/websockets/legacy/client.py", line 659, in __await_impl_timeout__
    return await asyncio.wait_for(self.__await_impl__(), self.open_timeout)
           ^^^^^^^^^^^^^^^^^^^^^^^^^^^^^^^^^^^^^^^^^^^^^^^^^^^^^^^^^^^^^^^^
  File "/Users/curtdk/.pyenv/versions/3.13.12/lib/python3.13/asyncio/tasks.py", line 507, in wait_for
    return await fut
           ^^^^^^^^^
  File "/Users/curtdk/.pyenv/versions/3.13.12/lib/python3.13/site-packages/websockets/legacy/client.py", line 663, in __await_impl__
    _transport, _protocol = await self._create_connection()
                            ^^^^^^^^^^^^^^^^^^^^^^^^^^^^^^^
  File "uvloop/loop.pyx", line 2088, in create_connection
    raise
  File "uvloop/loop.pyx", line 2083, in uvloop.loop.Loop.create_connection
    await ssl_waiter
ConnectionResetError: [Errno 54] Connection reset by peer
2026-07-28 22:39:10,798 - app.services.trade_stream - ERROR - [实时流] 异常: [Errno 54] Connection reset by peer
Traceback (most recent call last):
  File "/Users/curtdk/.openclaw/workspace/fastapiGmgn/app/services/trade_stream.py", line 72, in _stream_loop
    async with websockets.connect(url) as ws:
               ~~~~~~~~~~~~~~~~~~^^^^^
  File "/Users/curtdk/.pyenv/versions/3.13.12/lib/python3.13/site-packages/websockets/legacy/client.py", line 642, in __aenter__
    return await self
           ^^^^^^^^^^
  File "/Users/curtdk/.pyenv/versions/3.13.12/lib/python3.13/site-packages/websockets/legacy/client.py", line 659, in __await_impl_timeout__
    return await asyncio.wait_for(self.__await_impl__(), self.open_timeout)
           ^^^^^^^^^^^^^^^^^^^^^^^^^^^^^^^^^^^^^^^^^^^^^^^^^^^^^^^^^^^^^^^^
  File "/Users/curtdk/.pyenv/versions/3.13.12/lib/python3.13/asyncio/tasks.py", line 507, in wait_for
    return await fut
           ^^^^^^^^^
  File "/Users/curtdk/.pyenv/versions/3.13.12/lib/python3.13/site-packages/websockets/legacy/client.py", line 663, in __await_impl__
    _transport, _protocol = await self._create_connection()
                            ^^^^^^^^^^^^^^^^^^^^^^^^^^^^^^^
  File "uvloop/loop.pyx", line 2088, in create_connection
    raise
  File "uvloop/loop.pyx", line 2083, in uvloop.loop.Loop.create_connection
    await ssl_waiter
ConnectionResetError: [Errno 54] Connection reset by peer
2026-07-28 22:39:13,894 - app.services.trade_stream - ERROR - [实时流] 异常: [Errno 54] Connection reset by peer
Traceback (most recent call last):
  File "/Users/curtdk/.openclaw/workspace/fastapiGmgn/app/services/trade_stream.py", line 72, in _stream_loop
    async with websockets.connect(url) as ws:
               ~~~~~~~~~~~~~~~~~~^^^^^
  File "/Users/curtdk/.pyenv/versions/3.13.12/lib/python3.13/site-packages/websockets/legacy/client.py", line 642, in __aenter__
    return await self
           ^^^^^^^^^^
  File "/Users/curtdk/.pyenv/versions/3.13.12/lib/python3.13/site-packages/websockets/legacy/client.py", line 659, in __await_impl_timeout__
    return await asyncio.wait_for(self.__await_impl__(), self.open_timeout)
           ^^^^^^^^^^^^^^^^^^^^^^^^^^^^^^^^^^^^^^^^^^^^^^^^^^^^^^^^^^^^^^^^
  File "/Users/curtdk/.pyenv/versions/3.13.12/lib/python3.13/asyncio/tasks.py", line 507, in wait_for
    return await fut
           ^^^^^^^^^
  File "/Users/curtdk/.pyenv/versions/3.13.12/lib/python3.13/site-packages/websockets/legacy/client.py", line 663, in __await_impl__
    _transport, _protocol = await self._create_connection()
                            ^^^^^^^^^^^^^^^^^^^^^^^^^^^^^^^
  File "uvloop/loop.pyx", line 2088, in create_connection
    raise
  File "uvloop/loop.pyx", line 2083, in uvloop.loop.Loop.create_connection
    await ssl_waiter
ConnectionResetError: [Errno 54] Connection reset by peer
2026-07-28 22:39:17,003 - app.services.trade_stream - ERROR - [实时流] 异常: [Errno 54] Connection reset by peer
Traceback (most recent call last):
  File "/Users/curtdk/.openclaw/workspace/fastapiGmgn/app/services/trade_stream.py", line 72, in _stream_loop
    async with websockets.connect(url) as ws:
               ~~~~~~~~~~~~~~~~~~^^^^^
  File "/Users/curtdk/.pyenv/versions/3.13.12/lib/python3.13/site-packages/websockets/legacy/client.py", line 642, in __aenter__
    return await self
           ^^^^^^^^^^
  File "/Users/curtdk/.pyenv/versions/3.13.12/lib/python3.13/site-packages/websockets/legacy/client.py", line 659, in __await_impl_timeout__
    return await asyncio.wait_for(self.__await_impl__(), self.open_timeout)
           ^^^^^^^^^^^^^^^^^^^^^^^^^^^^^^^^^^^^^^^^^^^^^^^^^^^^^^^^^^^^^^^^
  File "/Users/curtdk/.pyenv/versions/3.13.12/lib/python3.13/asyncio/tasks.py", line 507, in wait_for
    return await fut
           ^^^^^^^^^
  File "/Users/curtdk/.pyenv/versions/3.13.12/lib/python3.13/site-packages/websockets/legacy/client.py", line 663, in __await_impl__
    _transport, _protocol = await self._create_connection()
                            ^^^^^^^^^^^^^^^^^^^^^^^^^^^^^^^
  File "uvloop/loop.pyx", line 2088, in create_connection
    raise
  File "uvloop/loop.pyx", line 2083, in uvloop.loop.Loop.create_connection
    await ssl_waiter
ConnectionResetError: [Errno 54] Connection reset by peer
2026-07-28 22:39:20,106 - app.services.trade_stream - ERROR - [实时流] 异常: [Errno 54] Connection reset by peer
Traceback (most recent call last):
  File "/Users/curtdk/.openclaw/workspace/fastapiGmgn/app/services/trade_stream.py", line 72, in _stream_loop
    async with websockets.connect(url) as ws:
               ~~~~~~~~~~~~~~~~~~^^^^^
  File "/Users/curtdk/.pyenv/versions/3.13.12/lib/python3.13/site-packages/websockets/legacy/client.py", line 642, in __aenter__
    return await self
           ^^^^^^^^^^
  File "/Users/curtdk/.pyenv/versions/3.13.12/lib/python3.13/site-packages/websockets/legacy/client.py", line 659, in __await_impl_timeout__
    return await asyncio.wait_for(self.__await_impl__(), self.open_timeout)
           ^^^^^^^^^^^^^^^^^^^^^^^^^^^^^^^^^^^^^^^^^^^^^^^^^^^^^^^^^^^^^^^^
  File "/Users/curtdk/.pyenv/versions/3.13.12/lib/python3.13/asyncio/tasks.py", line 507, in wait_for
    return await fut
           ^^^^^^^^^
  File "/Users/curtdk/.pyenv/versions/3.13.12/lib/python3.13/site-packages/websockets/legacy/client.py", line 663, in __await_impl__
    _transport, _protocol = await self._create_connection()
                            ^^^^^^^^^^^^^^^^^^^^^^^^^^^^^^^
  File "uvloop/loop.pyx", line 2088, in create_connection
    raise
  File "uvloop/loop.pyx", line 2083, in uvloop.loop.Loop.create_connection
    await ssl_waiter
ConnectionResetError: [Errno 54] Connection reset by peer
2026-07-28 22:39:23,223 - app.services.trade_stream - ERROR - [实时流] 异常: [Errno 54] Connection reset by peer
Traceback (most recent call last):
  File "/Users/curtdk/.openclaw/workspace/fastapiGmgn/app/services/trade_stream.py", line 72, in _stream_loop
    async with websockets.connect(url) as ws:
               ~~~~~~~~~~~~~~~~~~^^^^^
  File "/Users/curtdk/.pyenv/versions/3.13.12/lib/python3.13/site-packages/websockets/legacy/client.py", line 642, in __aenter__
    return await self
           ^^^^^^^^^^
  File "/Users/curtdk/.pyenv/versions/3.13.12/lib/python3.13/site-packages/websockets/legacy/client.py", line 659, in __await_impl_timeout__
    return await asyncio.wait_for(self.__await_impl__(), self.open_timeout)
           ^^^^^^^^^^^^^^^^^^^^^^^^^^^^^^^^^^^^^^^^^^^^^^^^^^^^^^^^^^^^^^^^
  File "/Users/curtdk/.pyenv/versions/3.13.12/lib/python3.13/asyncio/tasks.py", line 507, in wait_for
    return await fut
           ^^^^^^^^^
  File "/Users/curtdk/.pyenv/versions/3.13.12/lib/python3.13/site-packages/websockets/legacy/client.py", line 663, in __await_impl__
    _transport, _protocol = await self._create_connection()
                            ^^^^^^^^^^^^^^^^^^^^^^^^^^^^^^^
  File "uvloop/loop.pyx", line 2088, in create_connection
    raise
  File "uvloop/loop.pyx", line 2083, in uvloop.loop.Loop.create_connection
    await ssl_waiter
ConnectionResetError: [Errno 54] Connection reset by peer
2026-07-28 22:39:26,336 - app.services.trade_stream - ERROR - [实时流] 异常: [Errno 54] Connection reset by peer
Traceback (most recent call last):
  File "/Users/curtdk/.openclaw/workspace/fastapiGmgn/app/services/trade_stream.py", line 72, in _stream_loop
    async with websockets.connect(url) as ws:
               ~~~~~~~~~~~~~~~~~~^^^^^
  File "/Users/curtdk/.pyenv/versions/3.13.12/lib/python3.13/site-packages/websockets/legacy/client.py", line 642, in __aenter__
    return await self
           ^^^^^^^^^^
  File "/Users/curtdk/.pyenv/versions/3.13.12/lib/python3.13/site-packages/websockets/legacy/client.py", line 659, in __await_impl_timeout__
    return await asyncio.wait_for(self.__await_impl__(), self.open_timeout)
           ^^^^^^^^^^^^^^^^^^^^^^^^^^^^^^^^^^^^^^^^^^^^^^^^^^^^^^^^^^^^^^^^
  File "/Users/curtdk/.pyenv/versions/3.13.12/lib/python3.13/asyncio/tasks.py", line 507, in wait_for
    return await fut
           ^^^^^^^^^
  File "/Users/curtdk/.pyenv/versions/3.13.12/lib/python3.13/site-packages/websockets/legacy/client.py", line 663, in __await_impl__
    _transport, _protocol = await self._create_connection()
                            ^^^^^^^^^^^^^^^^^^^^^^^^^^^^^^^
  File "uvloop/loop.pyx", line 2088, in create_connection
    raise
  File "uvloop/loop.pyx", line 2083, in uvloop.loop.Loop.create_connection
    await ssl_waiter
ConnectionResetError: [Errno 54] Connection reset by peer
2026-07-28 22:39:29,438 - app.services.trade_stream - ERROR - [实时流] 异常: [Errno 54] Connection reset by peer
Traceback (most recent call last):
  File "/Users/curtdk/.openclaw/workspace/fastapiGmgn/app/services/trade_stream.py", line 72, in _stream_loop
    async with websockets.connect(url) as ws:
               ~~~~~~~~~~~~~~~~~~^^^^^
  File "/Users/curtdk/.pyenv/versions/3.13.12/lib/python3.13/site-packages/websockets/legacy/client.py", line 642, in __aenter__
    return await self
           ^^^^^^^^^^
  File "/Users/curtdk/.pyenv/versions/3.13.12/lib/python3.13/site-packages/websockets/legacy/client.py", line 659, in __await_impl_timeout__
    return await asyncio.wait_for(self.__await_impl__(), self.open_timeout)
           ^^^^^^^^^^^^^^^^^^^^^^^^^^^^^^^^^^^^^^^^^^^^^^^^^^^^^^^^^^^^^^^^
  File "/Users/curtdk/.pyenv/versions/3.13.12/lib/python3.13/asyncio/tasks.py", line 507, in wait_for
    return await fut
           ^^^^^^^^^
  File "/Users/curtdk/.pyenv/versions/3.13.12/lib/python3.13/site-packages/websockets/legacy/client.py", line 663, in __await_impl__
    _transport, _protocol = await self._create_connection()
                            ^^^^^^^^^^^^^^^^^^^^^^^^^^^^^^^
  File "uvloop/loop.pyx", line 2088, in create_connection
    raise
  File "uvloop/loop.pyx", line 2083, in uvloop.loop.Loop.create_connection
    await ssl_waiter
ConnectionResetError: [Errno 54] Connection reset by peer
2026-07-28 22:39:32,542 - app.services.trade_stream - ERROR - [实时流] 异常: [Errno 54] Connection reset by peer
Traceback (most recent call last):
  File "/Users/curtdk/.openclaw/workspace/fastapiGmgn/app/services/trade_stream.py", line 72, in _stream_loop
    async with websockets.connect(url) as ws:
               ~~~~~~~~~~~~~~~~~~^^^^^
  File "/Users/curtdk/.pyenv/versions/3.13.12/lib/python3.13/site-packages/websockets/legacy/client.py", line 642, in __aenter__
    return await self
           ^^^^^^^^^^
  File "/Users/curtdk/.pyenv/versions/3.13.12/lib/python3.13/site-packages/websockets/legacy/client.py", line 659, in __await_impl_timeout__
    return await asyncio.wait_for(self.__await_impl__(), self.open_timeout)
           ^^^^^^^^^^^^^^^^^^^^^^^^^^^^^^^^^^^^^^^^^^^^^^^^^^^^^^^^^^^^^^^^
  File "/Users/curtdk/.pyenv/versions/3.13.12/lib/python3.13/asyncio/tasks.py", line 507, in wait_for
    return await fut
           ^^^^^^^^^
  File "/Users/curtdk/.pyenv/versions/3.13.12/lib/python3.13/site-packages/websockets/legacy/client.py", line 663, in __await_impl__
    _transport, _protocol = await self._create_connection()
                            ^^^^^^^^^^^^^^^^^^^^^^^^^^^^^^^
  File "uvloop/loop.pyx", line 2088, in create_connection
    raise
  File "uvloop/loop.pyx", line 2083, in uvloop.loop.Loop.create_connection
    await ssl_waiter
ConnectionResetError: [Errno 54] Connection reset by peer
2026-07-28 22:39:35,649 - app.services.trade_stream - ERROR - [实时流] 异常: [Errno 54] Connection reset by peer
Traceback (most recent call last):
  File "/Users/curtdk/.openclaw/workspace/fastapiGmgn/app/services/trade_stream.py", line 72, in _stream_loop
    async with websockets.connect(url) as ws:
               ~~~~~~~~~~~~~~~~~~^^^^^
  File "/Users/curtdk/.pyenv/versions/3.13.12/lib/python3.13/site-packages/websockets/legacy/client.py", line 642, in __aenter__
    return await self
           ^^^^^^^^^^
  File "/Users/curtdk/.pyenv/versions/3.13.12/lib/python3.13/site-packages/websockets/legacy/client.py", line 659, in __await_impl_timeout__
    return await asyncio.wait_for(self.__await_impl__(), self.open_timeout)
           ^^^^^^^^^^^^^^^^^^^^^^^^^^^^^^^^^^^^^^^^^^^^^^^^^^^^^^^^^^^^^^^^
  File "/Users/curtdk/.pyenv/versions/3.13.12/lib/python3.13/asyncio/tasks.py", line 507, in wait_for
    return await fut
           ^^^^^^^^^
  File "/Users/curtdk/.pyenv/versions/3.13.12/lib/python3.13/site-packages/websockets/legacy/client.py", line 663, in __await_impl__
    _transport, _protocol = await self._create_connection()
                            ^^^^^^^^^^^^^^^^^^^^^^^^^^^^^^^
  File "uvloop/loop.pyx", line 2088, in create_connection
    raise
  File "uvloop/loop.pyx", line 2083, in uvloop.loop.Loop.create_connection
    await ssl_waiter
ConnectionResetError: [Errno 54] Connection reset by peer
2026-07-28 22:39:38,757 - app.services.trade_stream - ERROR - [实时流] 异常: [Errno 54] Connection reset by peer
Traceback (most recent call last):
  File "/Users/curtdk/.openclaw/workspace/fastapiGmgn/app/services/trade_stream.py", line 72, in _stream_loop
    async with websockets.connect(url) as ws:
               ~~~~~~~~~~~~~~~~~~^^^^^
  File "/Users/curtdk/.pyenv/versions/3.13.12/lib/python3.13/site-packages/websockets/legacy/client.py", line 642, in __aenter__
    return await self
           ^^^^^^^^^^
  File "/Users/curtdk/.pyenv/versions/3.13.12/lib/python3.13/site-packages/websockets/legacy/client.py", line 659, in __await_impl_timeout__
    return await asyncio.wait_for(self.__await_impl__(), self.open_timeout)
           ^^^^^^^^^^^^^^^^^^^^^^^^^^^^^^^^^^^^^^^^^^^^^^^^^^^^^^^^^^^^^^^^
  File "/Users/curtdk/.pyenv/versions/3.13.12/lib/python3.13/asyncio/tasks.py", line 507, in wait_for
    return await fut
           ^^^^^^^^^
  File "/Users/curtdk/.pyenv/versions/3.13.12/lib/python3.13/site-packages/websockets/legacy/client.py", line 663, in __await_impl__
    _transport, _protocol = await self._create_connection()
                            ^^^^^^^^^^^^^^^^^^^^^^^^^^^^^^^
  File "uvloop/loop.pyx", line 2088, in create_connection
    raise
  File "uvloop/loop.pyx", line 2083, in uvloop.loop.Loop.create_connection
    await ssl_waiter
ConnectionResetError: [Errno 54] Connection reset by peer
2026-07-28 22:39:41,855 - app.services.trade_stream - ERROR - [实时流] 异常: [Errno 54] Connection reset by peer
Traceback (most recent call last):
  File "/Users/curtdk/.openclaw/workspace/fastapiGmgn/app/services/trade_stream.py", line 72, in _stream_loop
    async with websockets.connect(url) as ws:
               ~~~~~~~~~~~~~~~~~~^^^^^
  File "/Users/curtdk/.pyenv/versions/3.13.12/lib/python3.13/site-packages/websockets/legacy/client.py", line 642, in __aenter__
    return await self
           ^^^^^^^^^^
  File "/Users/curtdk/.pyenv/versions/3.13.12/lib/python3.13/site-packages/websockets/legacy/client.py", line 659, in __await_impl_timeout__
    return await asyncio.wait_for(self.__await_impl__(), self.open_timeout)
           ^^^^^^^^^^^^^^^^^^^^^^^^^^^^^^^^^^^^^^^^^^^^^^^^^^^^^^^^^^^^^^^^
  File "/Users/curtdk/.pyenv/versions/3.13.12/lib/python3.13/asyncio/tasks.py", line 507, in wait_for
    return await fut
           ^^^^^^^^^
  File "/Users/curtdk/.pyenv/versions/3.13.12/lib/python3.13/site-packages/websockets/legacy/client.py", line 663, in __await_impl__
    _transport, _protocol = await self._create_connection()
                            ^^^^^^^^^^^^^^^^^^^^^^^^^^^^^^^
  File "uvloop/loop.pyx", line 2088, in create_connection
    raise
  File "uvloop/loop.pyx", line 2083, in uvloop.loop.Loop.create_connection
    await ssl_waiter
ConnectionResetError: [Errno 54] Connection reset by peer
2026-07-28 22:39:44,969 - app.services.trade_stream - ERROR - [实时流] 异常: [Errno 54] Connection reset by peer
Traceback (most recent call last):
  File "/Users/curtdk/.openclaw/workspace/fastapiGmgn/app/services/trade_stream.py", line 72, in _stream_loop
    async with websockets.connect(url) as ws:
               ~~~~~~~~~~~~~~~~~~^^^^^
  File "/Users/curtdk/.pyenv/versions/3.13.12/lib/python3.13/site-packages/websockets/legacy/client.py", line 642, in __aenter__
    return await self
           ^^^^^^^^^^
  File "/Users/curtdk/.pyenv/versions/3.13.12/lib/python3.13/site-packages/websockets/legacy/client.py", line 659, in __await_impl_timeout__
    return await asyncio.wait_for(self.__await_impl__(), self.open_timeout)
           ^^^^^^^^^^^^^^^^^^^^^^^^^^^^^^^^^^^^^^^^^^^^^^^^^^^^^^^^^^^^^^^^
  File "/Users/curtdk/.pyenv/versions/3.13.12/lib/python3.13/asyncio/tasks.py", line 507, in wait_for
    return await fut
           ^^^^^^^^^
  File "/Users/curtdk/.pyenv/versions/3.13.12/lib/python3.13/site-packages/websockets/legacy/client.py", line 663, in __await_impl__
    _transport, _protocol = await self._create_connection()
                            ^^^^^^^^^^^^^^^^^^^^^^^^^^^^^^^
  File "uvloop/loop.pyx", line 2088, in create_connection
    raise
  File "uvloop/loop.pyx", line 2083, in uvloop.loop.Loop.create_connection
    await ssl_waiter
ConnectionResetError: [Errno 54] Connection reset by peer
2026-07-28 22:39:48,071 - app.services.trade_stream - ERROR - [实时流] 异常: [Errno 54] Connection reset by peer
Traceback (most recent call last):
  File "/Users/curtdk/.openclaw/workspace/fastapiGmgn/app/services/trade_stream.py", line 72, in _stream_loop
    async with websockets.connect(url) as ws:
               ~~~~~~~~~~~~~~~~~~^^^^^
  File "/Users/curtdk/.pyenv/versions/3.13.12/lib/python3.13/site-packages/websockets/legacy/client.py", line 642, in __aenter__
    return await self
           ^^^^^^^^^^
  File "/Users/curtdk/.pyenv/versions/3.13.12/lib/python3.13/site-packages/websockets/legacy/client.py", line 659, in __await_impl_timeout__
    return await asyncio.wait_for(self.__await_impl__(), self.open_timeout)
           ^^^^^^^^^^^^^^^^^^^^^^^^^^^^^^^^^^^^^^^^^^^^^^^^^^^^^^^^^^^^^^^^
  File "/Users/curtdk/.pyenv/versions/3.13.12/lib/python3.13/asyncio/tasks.py", line 507, in wait_for
    return await fut
           ^^^^^^^^^
  File "/Users/curtdk/.pyenv/versions/3.13.12/lib/python3.13/site-packages/websockets/legacy/client.py", line 663, in __await_impl__
    _transport, _protocol = await self._create_connection()
                            ^^^^^^^^^^^^^^^^^^^^^^^^^^^^^^^
  File "uvloop/loop.pyx", line 2088, in create_connection
    raise
  File "uvloop/loop.pyx", line 2083, in uvloop.loop.Loop.create_connection
    await ssl_waiter
ConnectionResetError: [Errno 54] Connection reset by peer
2026-07-28 22:39:51,175 - app.services.trade_stream - ERROR - [实时流] 异常: [Errno 54] Connection reset by peer
Traceback (most recent call last):
  File "/Users/curtdk/.openclaw/workspace/fastapiGmgn/app/services/trade_stream.py", line 72, in _stream_loop
    async with websockets.connect(url) as ws:
               ~~~~~~~~~~~~~~~~~~^^^^^
  File "/Users/curtdk/.pyenv/versions/3.13.12/lib/python3.13/site-packages/websockets/legacy/client.py", line 642, in __aenter__
    return await self
           ^^^^^^^^^^
  File "/Users/curtdk/.pyenv/versions/3.13.12/lib/python3.13/site-packages/websockets/legacy/client.py", line 659, in __await_impl_timeout__
    return await asyncio.wait_for(self.__await_impl__(), self.open_timeout)
           ^^^^^^^^^^^^^^^^^^^^^^^^^^^^^^^^^^^^^^^^^^^^^^^^^^^^^^^^^^^^^^^^
  File "/Users/curtdk/.pyenv/versions/3.13.12/lib/python3.13/asyncio/tasks.py", line 507, in wait_for
    return await fut
           ^^^^^^^^^
  File "/Users/curtdk/.pyenv/versions/3.13.12/lib/python3.13/site-packages/websockets/legacy/client.py", line 663, in __await_impl__
    _transport, _protocol = await self._create_connection()
                            ^^^^^^^^^^^^^^^^^^^^^^^^^^^^^^^
  File "uvloop/loop.pyx", line 2088, in create_connection
    raise
  File "uvloop/loop.pyx", line 2083, in uvloop.loop.Loop.create_connection
    await ssl_waiter
ConnectionResetError: [Errno 54] Connection reset by peer
2026-07-28 22:39:54,288 - app.services.trade_stream - ERROR - [实时流] 异常: [Errno 54] Connection reset by peer
Traceback (most recent call last):
  File "/Users/curtdk/.openclaw/workspace/fastapiGmgn/app/services/trade_stream.py", line 72, in _stream_loop
    async with websockets.connect(url) as ws:
               ~~~~~~~~~~~~~~~~~~^^^^^
  File "/Users/curtdk/.pyenv/versions/3.13.12/lib/python3.13/site-packages/websockets/legacy/client.py", line 642, in __aenter__
    return await self
           ^^^^^^^^^^
  File "/Users/curtdk/.pyenv/versions/3.13.12/lib/python3.13/site-packages/websockets/legacy/client.py", line 659, in __await_impl_timeout__
    return await asyncio.wait_for(self.__await_impl__(), self.open_timeout)
           ^^^^^^^^^^^^^^^^^^^^^^^^^^^^^^^^^^^^^^^^^^^^^^^^^^^^^^^^^^^^^^^^
  File "/Users/curtdk/.pyenv/versions/3.13.12/lib/python3.13/asyncio/tasks.py", line 507, in wait_for
    return await fut
           ^^^^^^^^^
  File "/Users/curtdk/.pyenv/versions/3.13.12/lib/python3.13/site-packages/websockets/legacy/client.py", line 663, in __await_impl__
    _transport, _protocol = await self._create_connection()
                            ^^^^^^^^^^^^^^^^^^^^^^^^^^^^^^^
  File "uvloop/loop.pyx", line 2088, in create_connection
    raise
  File "uvloop/loop.pyx", line 2083, in uvloop.loop.Loop.create_connection
    await ssl_waiter
ConnectionResetError: [Errno 54] Connection reset by peer
2026-07-28 22:39:57,392 - app.services.trade_stream - ERROR - [实时流] 异常: [Errno 54] Connection reset by peer
Traceback (most recent call last):
  File "/Users/curtdk/.openclaw/workspace/fastapiGmgn/app/services/trade_stream.py", line 72, in _stream_loop
    async with websockets.connect(url) as ws:
               ~~~~~~~~~~~~~~~~~~^^^^^
  File "/Users/curtdk/.pyenv/versions/3.13.12/lib/python3.13/site-packages/websockets/legacy/client.py", line 642, in __aenter__
    return await self
           ^^^^^^^^^^
  File "/Users/curtdk/.pyenv/versions/3.13.12/lib/python3.13/site-packages/websockets/legacy/client.py", line 659, in __await_impl_timeout__
    return await asyncio.wait_for(self.__await_impl__(), self.open_timeout)
           ^^^^^^^^^^^^^^^^^^^^^^^^^^^^^^^^^^^^^^^^^^^^^^^^^^^^^^^^^^^^^^^^
  File "/Users/curtdk/.pyenv/versions/3.13.12/lib/python3.13/asyncio/tasks.py", line 507, in wait_for
    return await fut
           ^^^^^^^^^
  File "/Users/curtdk/.pyenv/versions/3.13.12/lib/python3.13/site-packages/websockets/legacy/client.py", line 663, in __await_impl__
    _transport, _protocol = await self._create_connection()
                            ^^^^^^^^^^^^^^^^^^^^^^^^^^^^^^^
  File "uvloop/loop.pyx", line 2088, in create_connection
    raise
  File "uvloop/loop.pyx", line 2083, in uvloop.loop.Loop.create_connection
    await ssl_waiter
ConnectionResetError: [Errno 54] Connection reset by peer
2026-07-28 22:40:00,495 - app.services.trade_stream - ERROR - [实时流] 异常: [Errno 54] Connection reset by peer
Traceback (most recent call last):
  File "/Users/curtdk/.openclaw/workspace/fastapiGmgn/app/services/trade_stream.py", line 72, in _stream_loop
    async with websockets.connect(url) as ws:
               ~~~~~~~~~~~~~~~~~~^^^^^
  File "/Users/curtdk/.pyenv/versions/3.13.12/lib/python3.13/site-packages/websockets/legacy/client.py", line 642, in __aenter__
    return await self
           ^^^^^^^^^^
  File "/Users/curtdk/.pyenv/versions/3.13.12/lib/python3.13/site-packages/websockets/legacy/client.py", line 659, in __await_impl_timeout__
    return await asyncio.wait_for(self.__await_impl__(), self.open_timeout)
           ^^^^^^^^^^^^^^^^^^^^^^^^^^^^^^^^^^^^^^^^^^^^^^^^^^^^^^^^^^^^^^^^
  File "/Users/curtdk/.pyenv/versions/3.13.12/lib/python3.13/asyncio/tasks.py", line 507, in wait_for
    return await fut
           ^^^^^^^^^
  File "/Users/curtdk/.pyenv/versions/3.13.12/lib/python3.13/site-packages/websockets/legacy/client.py", line 663, in __await_impl__
    _transport, _protocol = await self._create_connection()
                            ^^^^^^^^^^^^^^^^^^^^^^^^^^^^^^^
  File "uvloop/loop.pyx", line 2088, in create_connection
    raise
  File "uvloop/loop.pyx", line 2083, in uvloop.loop.Loop.create_connection
    await ssl_waiter
ConnectionResetError: [Errno 54] Connection reset by peer
2026-07-28 22:40:03,615 - app.services.trade_stream - ERROR - [实时流] 异常: [Errno 54] Connection reset by peer
Traceback (most recent call last):
  File "/Users/curtdk/.openclaw/workspace/fastapiGmgn/app/services/trade_stream.py", line 72, in _stream_loop
    async with websockets.connect(url) as ws:
               ~~~~~~~~~~~~~~~~~~^^^^^
  File "/Users/curtdk/.pyenv/versions/3.13.12/lib/python3.13/site-packages/websockets/legacy/client.py", line 642, in __aenter__
    return await self
           ^^^^^^^^^^
  File "/Users/curtdk/.pyenv/versions/3.13.12/lib/python3.13/site-packages/websockets/legacy/client.py", line 659, in __await_impl_timeout__
    return await asyncio.wait_for(self.__await_impl__(), self.open_timeout)
           ^^^^^^^^^^^^^^^^^^^^^^^^^^^^^^^^^^^^^^^^^^^^^^^^^^^^^^^^^^^^^^^^
  File "/Users/curtdk/.pyenv/versions/3.13.12/lib/python3.13/asyncio/tasks.py", line 507, in wait_for
    return await fut
           ^^^^^^^^^
  File "/Users/curtdk/.pyenv/versions/3.13.12/lib/python3.13/site-packages/websockets/legacy/client.py", line 663, in __await_impl__
    _transport, _protocol = await self._create_connection()
                            ^^^^^^^^^^^^^^^^^^^^^^^^^^^^^^^
  File "uvloop/loop.pyx", line 2088, in create_connection
    raise
  File "uvloop/loop.pyx", line 2083, in uvloop.loop.Loop.create_connection
    await ssl_waiter
ConnectionResetError: [Errno 54] Connection reset by peer
2026-07-28 22:40:06,724 - app.services.trade_stream - ERROR - [实时流] 异常: [Errno 54] Connection reset by peer
Traceback (most recent call last):
  File "/Users/curtdk/.openclaw/workspace/fastapiGmgn/app/services/trade_stream.py", line 72, in _stream_loop
    async with websockets.connect(url) as ws:
               ~~~~~~~~~~~~~~~~~~^^^^^
  File "/Users/curtdk/.pyenv/versions/3.13.12/lib/python3.13/site-packages/websockets/legacy/client.py", line 642, in __aenter__
    return await self
           ^^^^^^^^^^
  File "/Users/curtdk/.pyenv/versions/3.13.12/lib/python3.13/site-packages/websockets/legacy/client.py", line 659, in __await_impl_timeout__
    return await asyncio.wait_for(self.__await_impl__(), self.open_timeout)
           ^^^^^^^^^^^^^^^^^^^^^^^^^^^^^^^^^^^^^^^^^^^^^^^^^^^^^^^^^^^^^^^^
  File "/Users/curtdk/.pyenv/versions/3.13.12/lib/python3.13/asyncio/tasks.py", line 507, in wait_for
    return await fut
           ^^^^^^^^^
  File "/Users/curtdk/.pyenv/versions/3.13.12/lib/python3.13/site-packages/websockets/legacy/client.py", line 663, in __await_impl__
    _transport, _protocol = await self._create_connection()
                            ^^^^^^^^^^^^^^^^^^^^^^^^^^^^^^^
  File "uvloop/loop.pyx", line 2088, in create_connection
    raise
  File "uvloop/loop.pyx", line 2083, in uvloop.loop.Loop.create_connection
    await ssl_waiter
ConnectionResetError: [Errno 54] Connection reset by peer
2026-07-28 22:40:09,829 - app.services.trade_stream - ERROR - [实时流] 异常: [Errno 54] Connection reset by peer
Traceback (most recent call last):
  File "/Users/curtdk/.openclaw/workspace/fastapiGmgn/app/services/trade_stream.py", line 72, in _stream_loop
    async with websockets.connect(url) as ws:
               ~~~~~~~~~~~~~~~~~~^^^^^
  File "/Users/curtdk/.pyenv/versions/3.13.12/lib/python3.13/site-packages/websockets/legacy/client.py", line 642, in __aenter__
    return await self
           ^^^^^^^^^^
  File "/Users/curtdk/.pyenv/versions/3.13.12/lib/python3.13/site-packages/websockets/legacy/client.py", line 659, in __await_impl_timeout__
    return await asyncio.wait_for(self.__await_impl__(), self.open_timeout)
           ^^^^^^^^^^^^^^^^^^^^^^^^^^^^^^^^^^^^^^^^^^^^^^^^^^^^^^^^^^^^^^^^
  File "/Users/curtdk/.pyenv/versions/3.13.12/lib/python3.13/asyncio/tasks.py", line 507, in wait_for
    return await fut
           ^^^^^^^^^
  File "/Users/curtdk/.pyenv/versions/3.13.12/lib/python3.13/site-packages/websockets/legacy/client.py", line 663, in __await_impl__
    _transport, _protocol = await self._create_connection()
                            ^^^^^^^^^^^^^^^^^^^^^^^^^^^^^^^
  File "uvloop/loop.pyx", line 2088, in create_connection
    raise
  File "uvloop/loop.pyx", line 2083, in uvloop.loop.Loop.create_connection
    await ssl_waiter
ConnectionResetError: [Errno 54] Connection reset by peer
2026-07-28 22:40:12,938 - app.services.trade_stream - ERROR - [实时流] 异常: [Errno 54] Connection reset by peer
Traceback (most recent call last):
  File "/Users/curtdk/.openclaw/workspace/fastapiGmgn/app/services/trade_stream.py", line 72, in _stream_loop
    async with websockets.connect(url) as ws:
               ~~~~~~~~~~~~~~~~~~^^^^^
  File "/Users/curtdk/.pyenv/versions/3.13.12/lib/python3.13/site-packages/websockets/legacy/client.py", line 642, in __aenter__
    return await self
           ^^^^^^^^^^
  File "/Users/curtdk/.pyenv/versions/3.13.12/lib/python3.13/site-packages/websockets/legacy/client.py", line 659, in __await_impl_timeout__
    return await asyncio.wait_for(self.__await_impl__(), self.open_timeout)
           ^^^^^^^^^^^^^^^^^^^^^^^^^^^^^^^^^^^^^^^^^^^^^^^^^^^^^^^^^^^^^^^^
  File "/Users/curtdk/.pyenv/versions/3.13.12/lib/python3.13/asyncio/tasks.py", line 507, in wait_for
    return await fut
           ^^^^^^^^^
  File "/Users/curtdk/.pyenv/versions/3.13.12/lib/python3.13/site-packages/websockets/legacy/client.py", line 663, in __await_impl__
    _transport, _protocol = await self._create_connection()
                            ^^^^^^^^^^^^^^^^^^^^^^^^^^^^^^^
  File "uvloop/loop.pyx", line 2088, in create_connection
    raise
  File "uvloop/loop.pyx", line 2083, in uvloop.loop.Loop.create_connection
    await ssl_waiter
ConnectionResetError: [Errno 54] Connection reset by peer
2026-07-28 22:40:16,044 - app.services.trade_stream - ERROR - [实时流] 异常: [Errno 54] Connection reset by peer
Traceback (most recent call last):
  File "/Users/curtdk/.openclaw/workspace/fastapiGmgn/app/services/trade_stream.py", line 72, in _stream_loop
    async with websockets.connect(url) as ws:
               ~~~~~~~~~~~~~~~~~~^^^^^
  File "/Users/curtdk/.pyenv/versions/3.13.12/lib/python3.13/site-packages/websockets/legacy/client.py", line 642, in __aenter__
    return await self
           ^^^^^^^^^^
  File "/Users/curtdk/.pyenv/versions/3.13.12/lib/python3.13/site-packages/websockets/legacy/client.py", line 659, in __await_impl_timeout__
    return await asyncio.wait_for(self.__await_impl__(), self.open_timeout)
           ^^^^^^^^^^^^^^^^^^^^^^^^^^^^^^^^^^^^^^^^^^^^^^^^^^^^^^^^^^^^^^^^
  File "/Users/curtdk/.pyenv/versions/3.13.12/lib/python3.13/asyncio/tasks.py", line 507, in wait_for
    return await fut
           ^^^^^^^^^
  File "/Users/curtdk/.pyenv/versions/3.13.12/lib/python3.13/site-packages/websockets/legacy/client.py", line 663, in __await_impl__
    _transport, _protocol = await self._create_connection()
                            ^^^^^^^^^^^^^^^^^^^^^^^^^^^^^^^
  File "uvloop/loop.pyx", line 2088, in create_connection
    raise
  File "uvloop/loop.pyx", line 2083, in uvloop.loop.Loop.create_connection
    await ssl_waiter
ConnectionResetError: [Errno 54] Connection reset by peer
2026-07-28 22:40:19,150 - app.services.trade_stream - ERROR - [实时流] 异常: [Errno 54] Connection reset by peer
Traceback (most recent call last):
  File "/Users/curtdk/.openclaw/workspace/fastapiGmgn/app/services/trade_stream.py", line 72, in _stream_loop
    async with websockets.connect(url) as ws:
               ~~~~~~~~~~~~~~~~~~^^^^^
  File "/Users/curtdk/.pyenv/versions/3.13.12/lib/python3.13/site-packages/websockets/legacy/client.py", line 642, in __aenter__
    return await self
           ^^^^^^^^^^
  File "/Users/curtdk/.pyenv/versions/3.13.12/lib/python3.13/site-packages/websockets/legacy/client.py", line 659, in __await_impl_timeout__
    return await asyncio.wait_for(self.__await_impl__(), self.open_timeout)
           ^^^^^^^^^^^^^^^^^^^^^^^^^^^^^^^^^^^^^^^^^^^^^^^^^^^^^^^^^^^^^^^^
  File "/Users/curtdk/.pyenv/versions/3.13.12/lib/python3.13/asyncio/tasks.py", line 507, in wait_for
    return await fut
           ^^^^^^^^^
  File "/Users/curtdk/.pyenv/versions/3.13.12/lib/python3.13/site-packages/websockets/legacy/client.py", line 663, in __await_impl__
    _transport, _protocol = await self._create_connection()
                            ^^^^^^^^^^^^^^^^^^^^^^^^^^^^^^^
  File "uvloop/loop.pyx", line 2088, in create_connection
    raise
  File "uvloop/loop.pyx", line 2083, in uvloop.loop.Loop.create_connection
    await ssl_waiter
ConnectionResetError: [Errno 54] Connection reset by peer
2026-07-28 22:40:22,259 - app.services.trade_stream - ERROR - [实时流] 异常: [Errno 54] Connection reset by peer
Traceback (most recent call last):
  File "/Users/curtdk/.openclaw/workspace/fastapiGmgn/app/services/trade_stream.py", line 72, in _stream_loop
    async with websockets.connect(url) as ws:
               ~~~~~~~~~~~~~~~~~~^^^^^
  File "/Users/curtdk/.pyenv/versions/3.13.12/lib/python3.13/site-packages/websockets/legacy/client.py", line 642, in __aenter__
    return await self
           ^^^^^^^^^^
  File "/Users/curtdk/.pyenv/versions/3.13.12/lib/python3.13/site-packages/websockets/legacy/client.py", line 659, in __await_impl_timeout__
    return await asyncio.wait_for(self.__await_impl__(), self.open_timeout)
           ^^^^^^^^^^^^^^^^^^^^^^^^^^^^^^^^^^^^^^^^^^^^^^^^^^^^^^^^^^^^^^^^
  File "/Users/curtdk/.pyenv/versions/3.13.12/lib/python3.13/asyncio/tasks.py", line 507, in wait_for
    return await fut
           ^^^^^^^^^
  File "/Users/curtdk/.pyenv/versions/3.13.12/lib/python3.13/site-packages/websockets/legacy/client.py", line 663, in __await_impl__
    _transport, _protocol = await self._create_connection()
                            ^^^^^^^^^^^^^^^^^^^^^^^^^^^^^^^
  File "uvloop/loop.pyx", line 2088, in create_connection
    raise
  File "uvloop/loop.pyx", line 2083, in uvloop.loop.Loop.create_connection
    await ssl_waiter
ConnectionResetError: [Errno 54] Connection reset by peer
2026-07-28 22:40:25,394 - app.services.trade_stream - ERROR - [实时流] 异常: [Errno 54] Connection reset by peer
Traceback (most recent call last):
  File "/Users/curtdk/.openclaw/workspace/fastapiGmgn/app/services/trade_stream.py", line 72, in _stream_loop
    async with websockets.connect(url) as ws:
               ~~~~~~~~~~~~~~~~~~^^^^^
  File "/Users/curtdk/.pyenv/versions/3.13.12/lib/python3.13/site-packages/websockets/legacy/client.py", line 642, in __aenter__
    return await self
           ^^^^^^^^^^
  File "/Users/curtdk/.pyenv/versions/3.13.12/lib/python3.13/site-packages/websockets/legacy/client.py", line 659, in __await_impl_timeout__
    return await asyncio.wait_for(self.__await_impl__(), self.open_timeout)
           ^^^^^^^^^^^^^^^^^^^^^^^^^^^^^^^^^^^^^^^^^^^^^^^^^^^^^^^^^^^^^^^^
  File "/Users/curtdk/.pyenv/versions/3.13.12/lib/python3.13/asyncio/tasks.py", line 507, in wait_for
    return await fut
           ^^^^^^^^^
  File "/Users/curtdk/.pyenv/versions/3.13.12/lib/python3.13/site-packages/websockets/legacy/client.py", line 663, in __await_impl__
    _transport, _protocol = await self._create_connection()
                            ^^^^^^^^^^^^^^^^^^^^^^^^^^^^^^^
  File "uvloop/loop.pyx", line 2088, in create_connection
    raise
  File "uvloop/loop.pyx", line 2083, in uvloop.loop.Loop.create_connection
    await ssl_waiter
ConnectionResetError: [Errno 54] Connection reset by peer
2026-07-28 22:40:28,500 - app.services.trade_stream - ERROR - [实时流] 异常: [Errno 54] Connection reset by peer
Traceback (most recent call last):
  File "/Users/curtdk/.openclaw/workspace/fastapiGmgn/app/services/trade_stream.py", line 72, in _stream_loop
    async with websockets.connect(url) as ws:
               ~~~~~~~~~~~~~~~~~~^^^^^
  File "/Users/curtdk/.pyenv/versions/3.13.12/lib/python3.13/site-packages/websockets/legacy/client.py", line 642, in __aenter__
    return await self
           ^^^^^^^^^^
  File "/Users/curtdk/.pyenv/versions/3.13.12/lib/python3.13/site-packages/websockets/legacy/client.py", line 659, in __await_impl_timeout__
    return await asyncio.wait_for(self.__await_impl__(), self.open_timeout)
           ^^^^^^^^^^^^^^^^^^^^^^^^^^^^^^^^^^^^^^^^^^^^^^^^^^^^^^^^^^^^^^^^
  File "/Users/curtdk/.pyenv/versions/3.13.12/lib/python3.13/asyncio/tasks.py", line 507, in wait_for
    return await fut
           ^^^^^^^^^
  File "/Users/curtdk/.pyenv/versions/3.13.12/lib/python3.13/site-packages/websockets/legacy/client.py", line 663, in __await_impl__
    _transport, _protocol = await self._create_connection()
                            ^^^^^^^^^^^^^^^^^^^^^^^^^^^^^^^
  File "uvloop/loop.pyx", line 2088, in create_connection
    raise
  File "uvloop/loop.pyx", line 2083, in uvloop.loop.Loop.create_connection
    await ssl_waiter
ConnectionResetError: [Errno 54] Connection reset by peer
2026-07-28 22:40:31,598 - app.services.trade_stream - ERROR - [实时流] 异常: [Errno 54] Connection reset by peer
Traceback (most recent call last):
  File "/Users/curtdk/.openclaw/workspace/fastapiGmgn/app/services/trade_stream.py", line 72, in _stream_loop
    async with websockets.connect(url) as ws:
               ~~~~~~~~~~~~~~~~~~^^^^^
  File "/Users/curtdk/.pyenv/versions/3.13.12/lib/python3.13/site-packages/websockets/legacy/client.py", line 642, in __aenter__
    return await self
           ^^^^^^^^^^
  File "/Users/curtdk/.pyenv/versions/3.13.12/lib/python3.13/site-packages/websockets/legacy/client.py", line 659, in __await_impl_timeout__
    return await asyncio.wait_for(self.__await_impl__(), self.open_timeout)
           ^^^^^^^^^^^^^^^^^^^^^^^^^^^^^^^^^^^^^^^^^^^^^^^^^^^^^^^^^^^^^^^^
  File "/Users/curtdk/.pyenv/versions/3.13.12/lib/python3.13/asyncio/tasks.py", line 507, in wait_for
    return await fut
           ^^^^^^^^^
  File "/Users/curtdk/.pyenv/versions/3.13.12/lib/python3.13/site-packages/websockets/legacy/client.py", line 663, in __await_impl__
    _transport, _protocol = await self._create_connection()
                            ^^^^^^^^^^^^^^^^^^^^^^^^^^^^^^^
  File "uvloop/loop.pyx", line 2088, in create_connection
    raise
  File "uvloop/loop.pyx", line 2083, in uvloop.loop.Loop.create_connection
    await ssl_waiter
ConnectionResetError: [Errno 54] Connection reset by peer
2026-07-28 22:40:34,722 - app.services.trade_stream - ERROR - [实时流] 异常: [Errno 54] Connection reset by peer
Traceback (most recent call last):
  File "/Users/curtdk/.openclaw/workspace/fastapiGmgn/app/services/trade_stream.py", line 72, in _stream_loop
    async with websockets.connect(url) as ws:
               ~~~~~~~~~~~~~~~~~~^^^^^
  File "/Users/curtdk/.pyenv/versions/3.13.12/lib/python3.13/site-packages/websockets/legacy/client.py", line 642, in __aenter__
    return await self
           ^^^^^^^^^^
  File "/Users/curtdk/.pyenv/versions/3.13.12/lib/python3.13/site-packages/websockets/legacy/client.py", line 659, in __await_impl_timeout__
    return await asyncio.wait_for(self.__await_impl__(), self.open_timeout)
           ^^^^^^^^^^^^^^^^^^^^^^^^^^^^^^^^^^^^^^^^^^^^^^^^^^^^^^^^^^^^^^^^
  File "/Users/curtdk/.pyenv/versions/3.13.12/lib/python3.13/asyncio/tasks.py", line 507, in wait_for
    return await fut
           ^^^^^^^^^
  File "/Users/curtdk/.pyenv/versions/3.13.12/lib/python3.13/site-packages/websockets/legacy/client.py", line 663, in __await_impl__
    _transport, _protocol = await self._create_connection()
                            ^^^^^^^^^^^^^^^^^^^^^^^^^^^^^^^
  File "uvloop/loop.pyx", line 2088, in create_connection
    raise
  File "uvloop/loop.pyx", line 2083, in uvloop.loop.Loop.create_connection
    await ssl_waiter
ConnectionResetError: [Errno 54] Connection reset by peer
2026-07-28 22:40:37,825 - app.services.trade_stream - ERROR - [实时流] 异常: [Errno 54] Connection reset by peer
Traceback (most recent call last):
  File "/Users/curtdk/.openclaw/workspace/fastapiGmgn/app/services/trade_stream.py", line 72, in _stream_loop
    async with websockets.connect(url) as ws:
               ~~~~~~~~~~~~~~~~~~^^^^^
  File "/Users/curtdk/.pyenv/versions/3.13.12/lib/python3.13/site-packages/websockets/legacy/client.py", line 642, in __aenter__
    return await self
           ^^^^^^^^^^
  File "/Users/curtdk/.pyenv/versions/3.13.12/lib/python3.13/site-packages/websockets/legacy/client.py", line 659, in __await_impl_timeout__
    return await asyncio.wait_for(self.__await_impl__(), self.open_timeout)
           ^^^^^^^^^^^^^^^^^^^^^^^^^^^^^^^^^^^^^^^^^^^^^^^^^^^^^^^^^^^^^^^^
  File "/Users/curtdk/.pyenv/versions/3.13.12/lib/python3.13/asyncio/tasks.py", line 507, in wait_for
    return await fut
           ^^^^^^^^^
  File "/Users/curtdk/.pyenv/versions/3.13.12/lib/python3.13/site-packages/websockets/legacy/client.py", line 663, in __await_impl__
    _transport, _protocol = await self._create_connection()
                            ^^^^^^^^^^^^^^^^^^^^^^^^^^^^^^^
  File "uvloop/loop.pyx", line 2088, in create_connection
    raise
  File "uvloop/loop.pyx", line 2083, in uvloop.loop.Loop.create_connection
    await ssl_waiter
ConnectionResetError: [Errno 54] Connection reset by peer
2026-07-28 22:40:40,934 - app.services.trade_stream - ERROR - [实时流] 异常: [Errno 54] Connection reset by peer
Traceback (most recent call last):
  File "/Users/curtdk/.openclaw/workspace/fastapiGmgn/app/services/trade_stream.py", line 72, in _stream_loop
    async with websockets.connect(url) as ws:
               ~~~~~~~~~~~~~~~~~~^^^^^
  File "/Users/curtdk/.pyenv/versions/3.13.12/lib/python3.13/site-packages/websockets/legacy/client.py", line 642, in __aenter__
    return await self
           ^^^^^^^^^^
  File "/Users/curtdk/.pyenv/versions/3.13.12/lib/python3.13/site-packages/websockets/legacy/client.py", line 659, in __await_impl_timeout__
    return await asyncio.wait_for(self.__await_impl__(), self.open_timeout)
           ^^^^^^^^^^^^^^^^^^^^^^^^^^^^^^^^^^^^^^^^^^^^^^^^^^^^^^^^^^^^^^^^
  File "/Users/curtdk/.pyenv/versions/3.13.12/lib/python3.13/asyncio/tasks.py", line 507, in wait_for
    return await fut
           ^^^^^^^^^
  File "/Users/curtdk/.pyenv/versions/3.13.12/lib/python3.13/site-packages/websockets/legacy/client.py", line 663, in __await_impl__
    _transport, _protocol = await self._create_connection()
                            ^^^^^^^^^^^^^^^^^^^^^^^^^^^^^^^
  File "uvloop/loop.pyx", line 2088, in create_connection
    raise
  File "uvloop/loop.pyx", line 2083, in uvloop.loop.Loop.create_connection
    await ssl_waiter
ConnectionResetError: [Errno 54] Connection reset by peer
2026-07-28 22:40:44,054 - app.services.trade_stream - ERROR - [实时流] 异常: [Errno 54] Connection reset by peer
Traceback (most recent call last):
  File "/Users/curtdk/.openclaw/workspace/fastapiGmgn/app/services/trade_stream.py", line 72, in _stream_loop
    async with websockets.connect(url) as ws:
               ~~~~~~~~~~~~~~~~~~^^^^^
  File "/Users/curtdk/.pyenv/versions/3.13.12/lib/python3.13/site-packages/websockets/legacy/client.py", line 642, in __aenter__
    return await self
           ^^^^^^^^^^
  File "/Users/curtdk/.pyenv/versions/3.13.12/lib/python3.13/site-packages/websockets/legacy/client.py", line 659, in __await_impl_timeout__
    return await asyncio.wait_for(self.__await_impl__(), self.open_timeout)
           ^^^^^^^^^^^^^^^^^^^^^^^^^^^^^^^^^^^^^^^^^^^^^^^^^^^^^^^^^^^^^^^^
  File "/Users/curtdk/.pyenv/versions/3.13.12/lib/python3.13/asyncio/tasks.py", line 507, in wait_for
    return await fut
           ^^^^^^^^^
  File "/Users/curtdk/.pyenv/versions/3.13.12/lib/python3.13/site-packages/websockets/legacy/client.py", line 663, in __await_impl__
    _transport, _protocol = await self._create_connection()
                            ^^^^^^^^^^^^^^^^^^^^^^^^^^^^^^^
  File "uvloop/loop.pyx", line 2088, in create_connection
    raise
  File "uvloop/loop.pyx", line 2083, in uvloop.loop.Loop.create_connection
    await ssl_waiter
ConnectionResetError: [Errno 54] Connection reset by peer
2026-07-28 22:40:47,173 - app.services.trade_stream - ERROR - [实时流] 异常: [Errno 54] Connection reset by peer
Traceback (most recent call last):
  File "/Users/curtdk/.openclaw/workspace/fastapiGmgn/app/services/trade_stream.py", line 72, in _stream_loop
    async with websockets.connect(url) as ws:
               ~~~~~~~~~~~~~~~~~~^^^^^
  File "/Users/curtdk/.pyenv/versions/3.13.12/lib/python3.13/site-packages/websockets/legacy/client.py", line 642, in __aenter__
    return await self
           ^^^^^^^^^^
  File "/Users/curtdk/.pyenv/versions/3.13.12/lib/python3.13/site-packages/websockets/legacy/client.py", line 659, in __await_impl_timeout__
    return await asyncio.wait_for(self.__await_impl__(), self.open_timeout)
           ^^^^^^^^^^^^^^^^^^^^^^^^^^^^^^^^^^^^^^^^^^^^^^^^^^^^^^^^^^^^^^^^
  File "/Users/curtdk/.pyenv/versions/3.13.12/lib/python3.13/asyncio/tasks.py", line 507, in wait_for
    return await fut
           ^^^^^^^^^
  File "/Users/curtdk/.pyenv/versions/3.13.12/lib/python3.13/site-packages/websockets/legacy/client.py", line 663, in __await_impl__
    _transport, _protocol = await self._create_connection()
                            ^^^^^^^^^^^^^^^^^^^^^^^^^^^^^^^
  File "uvloop/loop.pyx", line 2088, in create_connection
    raise
  File "uvloop/loop.pyx", line 2083, in uvloop.loop.Loop.create_connection
    await ssl_waiter
ConnectionResetError: [Errno 54] Connection reset by peer
2026-07-28 22:40:50,446 - app.services.trade_stream - ERROR - [实时流] 异常: [Errno 54] Connection reset by peer
Traceback (most recent call last):
  File "/Users/curtdk/.openclaw/workspace/fastapiGmgn/app/services/trade_stream.py", line 72, in _stream_loop
    async with websockets.connect(url) as ws:
               ~~~~~~~~~~~~~~~~~~^^^^^
  File "/Users/curtdk/.pyenv/versions/3.13.12/lib/python3.13/site-packages/websockets/legacy/client.py", line 642, in __aenter__
    return await self
           ^^^^^^^^^^
  File "/Users/curtdk/.pyenv/versions/3.13.12/lib/python3.13/site-packages/websockets/legacy/client.py", line 659, in __await_impl_timeout__
    return await asyncio.wait_for(self.__await_impl__(), self.open_timeout)
           ^^^^^^^^^^^^^^^^^^^^^^^^^^^^^^^^^^^^^^^^^^^^^^^^^^^^^^^^^^^^^^^^
  File "/Users/curtdk/.pyenv/versions/3.13.12/lib/python3.13/asyncio/tasks.py", line 507, in wait_for
    return await fut
           ^^^^^^^^^
  File "/Users/curtdk/.pyenv/versions/3.13.12/lib/python3.13/site-packages/websockets/legacy/client.py", line 663, in __await_impl__
    _transport, _protocol = await self._create_connection()
                            ^^^^^^^^^^^^^^^^^^^^^^^^^^^^^^^
  File "uvloop/loop.pyx", line 2088, in create_connection
    raise
  File "uvloop/loop.pyx", line 2083, in uvloop.loop.Loop.create_connection
    await ssl_waiter
ConnectionResetError: [Errno 54] Connection reset by peer
2026-07-28 22:40:53,551 - app.services.trade_stream - ERROR - [实时流] 异常: [Errno 54] Connection reset by peer
Traceback (most recent call last):
  File "/Users/curtdk/.openclaw/workspace/fastapiGmgn/app/services/trade_stream.py", line 72, in _stream_loop
    async with websockets.connect(url) as ws:
               ~~~~~~~~~~~~~~~~~~^^^^^
  File "/Users/curtdk/.pyenv/versions/3.13.12/lib/python3.13/site-packages/websockets/legacy/client.py", line 642, in __aenter__
    return await self
           ^^^^^^^^^^
  File "/Users/curtdk/.pyenv/versions/3.13.12/lib/python3.13/site-packages/websockets/legacy/client.py", line 659, in __await_impl_timeout__
    return await asyncio.wait_for(self.__await_impl__(), self.open_timeout)
           ^^^^^^^^^^^^^^^^^^^^^^^^^^^^^^^^^^^^^^^^^^^^^^^^^^^^^^^^^^^^^^^^
  File "/Users/curtdk/.pyenv/versions/3.13.12/lib/python3.13/asyncio/tasks.py", line 507, in wait_for
    return await fut
           ^^^^^^^^^
  File "/Users/curtdk/.pyenv/versions/3.13.12/lib/python3.13/site-packages/websockets/legacy/client.py", line 663, in __await_impl__
    _transport, _protocol = await self._create_connection()
                            ^^^^^^^^^^^^^^^^^^^^^^^^^^^^^^^
  File "uvloop/loop.pyx", line 2088, in create_connection
    raise
  File "uvloop/loop.pyx", line 2083, in uvloop.loop.Loop.create_connection
    await ssl_waiter
ConnectionResetError: [Errno 54] Connection reset by peer
2026-07-28 22:40:56,664 - app.services.trade_stream - ERROR - [实时流] 异常: [Errno 54] Connection reset by peer
Traceback (most recent call last):
  File "/Users/curtdk/.openclaw/workspace/fastapiGmgn/app/services/trade_stream.py", line 72, in _stream_loop
    async with websockets.connect(url) as ws:
               ~~~~~~~~~~~~~~~~~~^^^^^
  File "/Users/curtdk/.pyenv/versions/3.13.12/lib/python3.13/site-packages/websockets/legacy/client.py", line 642, in __aenter__
    return await self
           ^^^^^^^^^^
  File "/Users/curtdk/.pyenv/versions/3.13.12/lib/python3.13/site-packages/websockets/legacy/client.py", line 659, in __await_impl_timeout__
    return await asyncio.wait_for(self.__await_impl__(), self.open_timeout)
           ^^^^^^^^^^^^^^^^^^^^^^^^^^^^^^^^^^^^^^^^^^^^^^^^^^^^^^^^^^^^^^^^
  File "/Users/curtdk/.pyenv/versions/3.13.12/lib/python3.13/asyncio/tasks.py", line 507, in wait_for
    return await fut
           ^^^^^^^^^
  File "/Users/curtdk/.pyenv/versions/3.13.12/lib/python3.13/site-packages/websockets/legacy/client.py", line 663, in __await_impl__
    _transport, _protocol = await self._create_connection()
                            ^^^^^^^^^^^^^^^^^^^^^^^^^^^^^^^
  File "uvloop/loop.pyx", line 2088, in create_connection
    raise
  File "uvloop/loop.pyx", line 2083, in uvloop.loop.Loop.create_connection
    await ssl_waiter
ConnectionResetError: [Errno 54] Connection reset by peer
2026-07-28 22:40:59,766 - app.services.trade_stream - ERROR - [实时流] 异常: [Errno 54] Connection reset by peer
Traceback (most recent call last):
  File "/Users/curtdk/.openclaw/workspace/fastapiGmgn/app/services/trade_stream.py", line 72, in _stream_loop
    async with websockets.connect(url) as ws:
               ~~~~~~~~~~~~~~~~~~^^^^^
  File "/Users/curtdk/.pyenv/versions/3.13.12/lib/python3.13/site-packages/websockets/legacy/client.py", line 642, in __aenter__
    return await self
           ^^^^^^^^^^
  File "/Users/curtdk/.pyenv/versions/3.13.12/lib/python3.13/site-packages/websockets/legacy/client.py", line 659, in __await_impl_timeout__
    return await asyncio.wait_for(self.__await_impl__(), self.open_timeout)
           ^^^^^^^^^^^^^^^^^^^^^^^^^^^^^^^^^^^^^^^^^^^^^^^^^^^^^^^^^^^^^^^^
  File "/Users/curtdk/.pyenv/versions/3.13.12/lib/python3.13/asyncio/tasks.py", line 507, in wait_for
    return await fut
           ^^^^^^^^^
  File "/Users/curtdk/.pyenv/versions/3.13.12/lib/python3.13/site-packages/websockets/legacy/client.py", line 663, in __await_impl__
    _transport, _protocol = await self._create_connection()
                            ^^^^^^^^^^^^^^^^^^^^^^^^^^^^^^^
  File "uvloop/loop.pyx", line 2088, in create_connection
    raise
  File "uvloop/loop.pyx", line 2083, in uvloop.loop.Loop.create_connection
    await ssl_waiter
ConnectionResetError: [Errno 54] Connection reset by peer
2026-07-28 22:41:02,870 - app.services.trade_stream - ERROR - [实时流] 异常: [Errno 54] Connection reset by peer
Traceback (most recent call last):
  File "/Users/curtdk/.openclaw/workspace/fastapiGmgn/app/services/trade_stream.py", line 72, in _stream_loop
    async with websockets.connect(url) as ws:
               ~~~~~~~~~~~~~~~~~~^^^^^
  File "/Users/curtdk/.pyenv/versions/3.13.12/lib/python3.13/site-packages/websockets/legacy/client.py", line 642, in __aenter__
    return await self
           ^^^^^^^^^^
  File "/Users/curtdk/.pyenv/versions/3.13.12/lib/python3.13/site-packages/websockets/legacy/client.py", line 659, in __await_impl_timeout__
    return await asyncio.wait_for(self.__await_impl__(), self.open_timeout)
           ^^^^^^^^^^^^^^^^^^^^^^^^^^^^^^^^^^^^^^^^^^^^^^^^^^^^^^^^^^^^^^^^
  File "/Users/curtdk/.pyenv/versions/3.13.12/lib/python3.13/asyncio/tasks.py", line 507, in wait_for
    return await fut
           ^^^^^^^^^
  File "/Users/curtdk/.pyenv/versions/3.13.12/lib/python3.13/site-packages/websockets/legacy/client.py", line 663, in __await_impl__
    _transport, _protocol = await self._create_connection()
                            ^^^^^^^^^^^^^^^^^^^^^^^^^^^^^^^
  File "uvloop/loop.pyx", line 2088, in create_connection
    raise
  File "uvloop/loop.pyx", line 2083, in uvloop.loop.Loop.create_connection
    await ssl_waiter
ConnectionResetError: [Errno 54] Connection reset by peer
2026-07-28 22:41:05,993 - app.services.trade_stream - ERROR - [实时流] 异常: [Errno 54] Connection reset by peer
Traceback (most recent call last):
  File "/Users/curtdk/.openclaw/workspace/fastapiGmgn/app/services/trade_stream.py", line 72, in _stream_loop
    async with websockets.connect(url) as ws:
               ~~~~~~~~~~~~~~~~~~^^^^^
  File "/Users/curtdk/.pyenv/versions/3.13.12/lib/python3.13/site-packages/websockets/legacy/client.py", line 642, in __aenter__
    return await self
           ^^^^^^^^^^
  File "/Users/curtdk/.pyenv/versions/3.13.12/lib/python3.13/site-packages/websockets/legacy/client.py", line 659, in __await_impl_timeout__
    return await asyncio.wait_for(self.__await_impl__(), self.open_timeout)
           ^^^^^^^^^^^^^^^^^^^^^^^^^^^^^^^^^^^^^^^^^^^^^^^^^^^^^^^^^^^^^^^^
  File "/Users/curtdk/.pyenv/versions/3.13.12/lib/python3.13/asyncio/tasks.py", line 507, in wait_for
    return await fut
           ^^^^^^^^^
  File "/Users/curtdk/.pyenv/versions/3.13.12/lib/python3.13/site-packages/websockets/legacy/client.py", line 663, in __await_impl__
    _transport, _protocol = await self._create_connection()
                            ^^^^^^^^^^^^^^^^^^^^^^^^^^^^^^^
  File "uvloop/loop.pyx", line 2088, in create_connection
    raise
  File "uvloop/loop.pyx", line 2083, in uvloop.loop.Loop.create_connection
    await ssl_waiter
ConnectionResetError: [Errno 54] Connection reset by peer
2026-07-28 22:41:09,107 - app.services.trade_stream - ERROR - [实时流] 异常: [Errno 54] Connection reset by peer
Traceback (most recent call last):
  File "/Users/curtdk/.openclaw/workspace/fastapiGmgn/app/services/trade_stream.py", line 72, in _stream_loop
    async with websockets.connect(url) as ws:
               ~~~~~~~~~~~~~~~~~~^^^^^
  File "/Users/curtdk/.pyenv/versions/3.13.12/lib/python3.13/site-packages/websockets/legacy/client.py", line 642, in __aenter__
    return await self
           ^^^^^^^^^^
  File "/Users/curtdk/.pyenv/versions/3.13.12/lib/python3.13/site-packages/websockets/legacy/client.py", line 659, in __await_impl_timeout__
    return await asyncio.wait_for(self.__await_impl__(), self.open_timeout)
           ^^^^^^^^^^^^^^^^^^^^^^^^^^^^^^^^^^^^^^^^^^^^^^^^^^^^^^^^^^^^^^^^
  File "/Users/curtdk/.pyenv/versions/3.13.12/lib/python3.13/asyncio/tasks.py", line 507, in wait_for
    return await fut
           ^^^^^^^^^
  File "/Users/curtdk/.pyenv/versions/3.13.12/lib/python3.13/site-packages/websockets/legacy/client.py", line 663, in __await_impl__
    _transport, _protocol = await self._create_connection()
                            ^^^^^^^^^^^^^^^^^^^^^^^^^^^^^^^
  File "uvloop/loop.pyx", line 2088, in create_connection
    raise
  File "uvloop/loop.pyx", line 2083, in uvloop.loop.Loop.create_connection
    await ssl_waiter
ConnectionResetError: [Errno 54] Connection reset by peer
2026-07-28 22:41:12,219 - app.services.trade_stream - ERROR - [实时流] 异常: [Errno 54] Connection reset by peer
Traceback (most recent call last):
  File "/Users/curtdk/.openclaw/workspace/fastapiGmgn/app/services/trade_stream.py", line 72, in _stream_loop
    async with websockets.connect(url) as ws:
               ~~~~~~~~~~~~~~~~~~^^^^^
  File "/Users/curtdk/.pyenv/versions/3.13.12/lib/python3.13/site-packages/websockets/legacy/client.py", line 642, in __aenter__
    return await self
           ^^^^^^^^^^
  File "/Users/curtdk/.pyenv/versions/3.13.12/lib/python3.13/site-packages/websockets/legacy/client.py", line 659, in __await_impl_timeout__
    return await asyncio.wait_for(self.__await_impl__(), self.open_timeout)
           ^^^^^^^^^^^^^^^^^^^^^^^^^^^^^^^^^^^^^^^^^^^^^^^^^^^^^^^^^^^^^^^^
  File "/Users/curtdk/.pyenv/versions/3.13.12/lib/python3.13/asyncio/tasks.py", line 507, in wait_for
    return await fut
           ^^^^^^^^^
  File "/Users/curtdk/.pyenv/versions/3.13.12/lib/python3.13/site-packages/websockets/legacy/client.py", line 663, in __await_impl__
    _transport, _protocol = await self._create_connection()
                            ^^^^^^^^^^^^^^^^^^^^^^^^^^^^^^^
  File "uvloop/loop.pyx", line 2088, in create_connection
    raise
  File "uvloop/loop.pyx", line 2083, in uvloop.loop.Loop.create_connection
    await ssl_waiter
ConnectionResetError: [Errno 54] Connection reset by peer
2026-07-28 22:41:15,320 - app.services.trade_stream - ERROR - [实时流] 异常: [Errno 54] Connection reset by peer
Traceback (most recent call last):
  File "/Users/curtdk/.openclaw/workspace/fastapiGmgn/app/services/trade_stream.py", line 72, in _stream_loop
    async with websockets.connect(url) as ws:
               ~~~~~~~~~~~~~~~~~~^^^^^
  File "/Users/curtdk/.pyenv/versions/3.13.12/lib/python3.13/site-packages/websockets/legacy/client.py", line 642, in __aenter__
    return await self
           ^^^^^^^^^^
  File "/Users/curtdk/.pyenv/versions/3.13.12/lib/python3.13/site-packages/websockets/legacy/client.py", line 659, in __await_impl_timeout__
    return await asyncio.wait_for(self.__await_impl__(), self.open_timeout)
           ^^^^^^^^^^^^^^^^^^^^^^^^^^^^^^^^^^^^^^^^^^^^^^^^^^^^^^^^^^^^^^^^
  File "/Users/curtdk/.pyenv/versions/3.13.12/lib/python3.13/asyncio/tasks.py", line 507, in wait_for
    return await fut
           ^^^^^^^^^
  File "/Users/curtdk/.pyenv/versions/3.13.12/lib/python3.13/site-packages/websockets/legacy/client.py", line 663, in __await_impl__
    _transport, _protocol = await self._create_connection()
                            ^^^^^^^^^^^^^^^^^^^^^^^^^^^^^^^
  File "uvloop/loop.pyx", line 2088, in create_connection
    raise
  File "uvloop/loop.pyx", line 2083, in uvloop.loop.Loop.create_connection
    await ssl_waiter
ConnectionResetError: [Errno 54] Connection reset by peer
2026-07-28 22:41:18,419 - app.services.trade_stream - ERROR - [实时流] 异常: [Errno 54] Connection reset by peer
Traceback (most recent call last):
  File "/Users/curtdk/.openclaw/workspace/fastapiGmgn/app/services/trade_stream.py", line 72, in _stream_loop
    async with websockets.connect(url) as ws:
               ~~~~~~~~~~~~~~~~~~^^^^^
  File "/Users/curtdk/.pyenv/versions/3.13.12/lib/python3.13/site-packages/websockets/legacy/client.py", line 642, in __aenter__
    return await self
           ^^^^^^^^^^
  File "/Users/curtdk/.pyenv/versions/3.13.12/lib/python3.13/site-packages/websockets/legacy/client.py", line 659, in __await_impl_timeout__
    return await asyncio.wait_for(self.__await_impl__(), self.open_timeout)
           ^^^^^^^^^^^^^^^^^^^^^^^^^^^^^^^^^^^^^^^^^^^^^^^^^^^^^^^^^^^^^^^^
  File "/Users/curtdk/.pyenv/versions/3.13.12/lib/python3.13/asyncio/tasks.py", line 507, in wait_for
    return await fut
           ^^^^^^^^^
  File "/Users/curtdk/.pyenv/versions/3.13.12/lib/python3.13/site-packages/websockets/legacy/client.py", line 663, in __await_impl__
    _transport, _protocol = await self._create_connection()
                            ^^^^^^^^^^^^^^^^^^^^^^^^^^^^^^^
  File "uvloop/loop.pyx", line 2088, in create_connection
    raise
  File "uvloop/loop.pyx", line 2083, in uvloop.loop.Loop.create_connection
    await ssl_waiter
ConnectionResetError: [Errno 54] Connection reset by peer
2026-07-28 22:41:21,530 - app.services.trade_stream - ERROR - [实时流] 异常: [Errno 54] Connection reset by peer
Traceback (most recent call last):
  File "/Users/curtdk/.openclaw/workspace/fastapiGmgn/app/services/trade_stream.py", line 72, in _stream_loop
    async with websockets.connect(url) as ws:
               ~~~~~~~~~~~~~~~~~~^^^^^
  File "/Users/curtdk/.pyenv/versions/3.13.12/lib/python3.13/site-packages/websockets/legacy/client.py", line 642, in __aenter__
    return await self
           ^^^^^^^^^^
  File "/Users/curtdk/.pyenv/versions/3.13.12/lib/python3.13/site-packages/websockets/legacy/client.py", line 659, in __await_impl_timeout__
    return await asyncio.wait_for(self.__await_impl__(), self.open_timeout)
           ^^^^^^^^^^^^^^^^^^^^^^^^^^^^^^^^^^^^^^^^^^^^^^^^^^^^^^^^^^^^^^^^
  File "/Users/curtdk/.pyenv/versions/3.13.12/lib/python3.13/asyncio/tasks.py", line 507, in wait_for
    return await fut
           ^^^^^^^^^
  File "/Users/curtdk/.pyenv/versions/3.13.12/lib/python3.13/site-packages/websockets/legacy/client.py", line 663, in __await_impl__
    _transport, _protocol = await self._create_connection()
                            ^^^^^^^^^^^^^^^^^^^^^^^^^^^^^^^
  File "uvloop/loop.pyx", line 2088, in create_connection
    raise
  File "uvloop/loop.pyx", line 2083, in uvloop.loop.Loop.create_connection
    await ssl_waiter
ConnectionResetError: [Errno 54] Connection reset by peer
2026-07-28 22:41:24,633 - app.services.trade_stream - ERROR - [实时流] 异常: [Errno 54] Connection reset by peer
Traceback (most recent call last):
  File "/Users/curtdk/.openclaw/workspace/fastapiGmgn/app/services/trade_stream.py", line 72, in _stream_loop
    async with websockets.connect(url) as ws:
               ~~~~~~~~~~~~~~~~~~^^^^^
  File "/Users/curtdk/.pyenv/versions/3.13.12/lib/python3.13/site-packages/websockets/legacy/client.py", line 642, in __aenter__
    return await self
           ^^^^^^^^^^
  File "/Users/curtdk/.pyenv/versions/3.13.12/lib/python3.13/site-packages/websockets/legacy/client.py", line 659, in __await_impl_timeout__
    return await asyncio.wait_for(self.__await_impl__(), self.open_timeout)
           ^^^^^^^^^^^^^^^^^^^^^^^^^^^^^^^^^^^^^^^^^^^^^^^^^^^^^^^^^^^^^^^^
  File "/Users/curtdk/.pyenv/versions/3.13.12/lib/python3.13/asyncio/tasks.py", line 507, in wait_for
    return await fut
           ^^^^^^^^^
  File "/Users/curtdk/.pyenv/versions/3.13.12/lib/python3.13/site-packages/websockets/legacy/client.py", line 663, in __await_impl__
    _transport, _protocol = await self._create_connection()
                            ^^^^^^^^^^^^^^^^^^^^^^^^^^^^^^^
  File "uvloop/loop.pyx", line 2088, in create_connection
    raise
  File "uvloop/loop.pyx", line 2083, in uvloop.loop.Loop.create_connection
    await ssl_waiter
ConnectionResetError: [Errno 54] Connection reset by peer
2026-07-28 22:41:27,737 - app.services.trade_stream - ERROR - [实时流] 异常: [Errno 54] Connection reset by peer
Traceback (most recent call last):
  File "/Users/curtdk/.openclaw/workspace/fastapiGmgn/app/services/trade_stream.py", line 72, in _stream_loop
    async with websockets.connect(url) as ws:
               ~~~~~~~~~~~~~~~~~~^^^^^
  File "/Users/curtdk/.pyenv/versions/3.13.12/lib/python3.13/site-packages/websockets/legacy/client.py", line 642, in __aenter__
    return await self
           ^^^^^^^^^^
  File "/Users/curtdk/.pyenv/versions/3.13.12/lib/python3.13/site-packages/websockets/legacy/client.py", line 659, in __await_impl_timeout__
    return await asyncio.wait_for(self.__await_impl__(), self.open_timeout)
           ^^^^^^^^^^^^^^^^^^^^^^^^^^^^^^^^^^^^^^^^^^^^^^^^^^^^^^^^^^^^^^^^
  File "/Users/curtdk/.pyenv/versions/3.13.12/lib/python3.13/asyncio/tasks.py", line 507, in wait_for
    return await fut
           ^^^^^^^^^
  File "/Users/curtdk/.pyenv/versions/3.13.12/lib/python3.13/site-packages/websockets/legacy/client.py", line 663, in __await_impl__
    _transport, _protocol = await self._create_connection()
                            ^^^^^^^^^^^^^^^^^^^^^^^^^^^^^^^
  File "uvloop/loop.pyx", line 2088, in create_connection
    raise
  File "uvloop/loop.pyx", line 2083, in uvloop.loop.Loop.create_connection
    await ssl_waiter
ConnectionResetError: [Errno 54] Connection reset by peer
2026-07-28 22:41:30,840 - app.services.trade_stream - ERROR - [实时流] 异常: [Errno 54] Connection reset by peer
Traceback (most recent call last):
  File "/Users/curtdk/.openclaw/workspace/fastapiGmgn/app/services/trade_stream.py", line 72, in _stream_loop
    async with websockets.connect(url) as ws:
               ~~~~~~~~~~~~~~~~~~^^^^^
  File "/Users/curtdk/.pyenv/versions/3.13.12/lib/python3.13/site-packages/websockets/legacy/client.py", line 642, in __aenter__
    return await self
           ^^^^^^^^^^
  File "/Users/curtdk/.pyenv/versions/3.13.12/lib/python3.13/site-packages/websockets/legacy/client.py", line 659, in __await_impl_timeout__
    return await asyncio.wait_for(self.__await_impl__(), self.open_timeout)
           ^^^^^^^^^^^^^^^^^^^^^^^^^^^^^^^^^^^^^^^^^^^^^^^^^^^^^^^^^^^^^^^^
  File "/Users/curtdk/.pyenv/versions/3.13.12/lib/python3.13/asyncio/tasks.py", line 507, in wait_for
    return await fut
           ^^^^^^^^^
  File "/Users/curtdk/.pyenv/versions/3.13.12/lib/python3.13/site-packages/websockets/legacy/client.py", line 663, in __await_impl__
    _transport, _protocol = await self._create_connection()
                            ^^^^^^^^^^^^^^^^^^^^^^^^^^^^^^^
  File "uvloop/loop.pyx", line 2088, in create_connection
    raise
  File "uvloop/loop.pyx", line 2083, in uvloop.loop.Loop.create_connection
    await ssl_waiter
ConnectionResetError: [Errno 54] Connection reset by peer
2026-07-28 22:41:33,947 - app.services.trade_stream - ERROR - [实时流] 异常: [Errno 54] Connection reset by peer
Traceback (most recent call last):
  File "/Users/curtdk/.openclaw/workspace/fastapiGmgn/app/services/trade_stream.py", line 72, in _stream_loop
    async with websockets.connect(url) as ws:
               ~~~~~~~~~~~~~~~~~~^^^^^
  File "/Users/curtdk/.pyenv/versions/3.13.12/lib/python3.13/site-packages/websockets/legacy/client.py", line 642, in __aenter__
    return await self
           ^^^^^^^^^^
  File "/Users/curtdk/.pyenv/versions/3.13.12/lib/python3.13/site-packages/websockets/legacy/client.py", line 659, in __await_impl_timeout__
    return await asyncio.wait_for(self.__await_impl__(), self.open_timeout)
           ^^^^^^^^^^^^^^^^^^^^^^^^^^^^^^^^^^^^^^^^^^^^^^^^^^^^^^^^^^^^^^^^
  File "/Users/curtdk/.pyenv/versions/3.13.12/lib/python3.13/asyncio/tasks.py", line 507, in wait_for
    return await fut
           ^^^^^^^^^
  File "/Users/curtdk/.pyenv/versions/3.13.12/lib/python3.13/site-packages/websockets/legacy/client.py", line 663, in __await_impl__
    _transport, _protocol = await self._create_connection()
                            ^^^^^^^^^^^^^^^^^^^^^^^^^^^^^^^
  File "uvloop/loop.pyx", line 2088, in create_connection
    raise
  File "uvloop/loop.pyx", line 2083, in uvloop.loop.Loop.create_connection
    await ssl_waiter
ConnectionResetError: [Errno 54] Connection reset by peer
2026-07-28 22:41:37,054 - app.services.trade_stream - ERROR - [实时流] 异常: [Errno 54] Connection reset by peer
Traceback (most recent call last):
  File "/Users/curtdk/.openclaw/workspace/fastapiGmgn/app/services/trade_stream.py", line 72, in _stream_loop
    async with websockets.connect(url) as ws:
               ~~~~~~~~~~~~~~~~~~^^^^^
  File "/Users/curtdk/.pyenv/versions/3.13.12/lib/python3.13/site-packages/websockets/legacy/client.py", line 642, in __aenter__
    return await self
           ^^^^^^^^^^
  File "/Users/curtdk/.pyenv/versions/3.13.12/lib/python3.13/site-packages/websockets/legacy/client.py", line 659, in __await_impl_timeout__
    return await asyncio.wait_for(self.__await_impl__(), self.open_timeout)
           ^^^^^^^^^^^^^^^^^^^^^^^^^^^^^^^^^^^^^^^^^^^^^^^^^^^^^^^^^^^^^^^^
  File "/Users/curtdk/.pyenv/versions/3.13.12/lib/python3.13/asyncio/tasks.py", line 507, in wait_for
    return await fut
           ^^^^^^^^^
  File "/Users/curtdk/.pyenv/versions/3.13.12/lib/python3.13/site-packages/websockets/legacy/client.py", line 663, in __await_impl__
    _transport, _protocol = await self._create_connection()
                            ^^^^^^^^^^^^^^^^^^^^^^^^^^^^^^^
  File "uvloop/loop.pyx", line 2088, in create_connection
    raise
  File "uvloop/loop.pyx", line 2083, in uvloop.loop.Loop.create_connection
    await ssl_waiter
ConnectionResetError: [Errno 54] Connection reset by peer
2026-07-28 22:41:40,165 - app.services.trade_stream - ERROR - [实时流] 异常: [Errno 54] Connection reset by peer
Traceback (most recent call last):
  File "/Users/curtdk/.openclaw/workspace/fastapiGmgn/app/services/trade_stream.py", line 72, in _stream_loop
    async with websockets.connect(url) as ws:
               ~~~~~~~~~~~~~~~~~~^^^^^
  File "/Users/curtdk/.pyenv/versions/3.13.12/lib/python3.13/site-packages/websockets/legacy/client.py", line 642, in __aenter__
    return await self
           ^^^^^^^^^^
  File "/Users/curtdk/.pyenv/versions/3.13.12/lib/python3.13/site-packages/websockets/legacy/client.py", line 659, in __await_impl_timeout__
    return await asyncio.wait_for(self.__await_impl__(), self.open_timeout)
           ^^^^^^^^^^^^^^^^^^^^^^^^^^^^^^^^^^^^^^^^^^^^^^^^^^^^^^^^^^^^^^^^
  File "/Users/curtdk/.pyenv/versions/3.13.12/lib/python3.13/asyncio/tasks.py", line 507, in wait_for
    return await fut
           ^^^^^^^^^
  File "/Users/curtdk/.pyenv/versions/3.13.12/lib/python3.13/site-packages/websockets/legacy/client.py", line 663, in __await_impl__
    _transport, _protocol = await self._create_connection()
                            ^^^^^^^^^^^^^^^^^^^^^^^^^^^^^^^
  File "uvloop/loop.pyx", line 2088, in create_connection
    raise
  File "uvloop/loop.pyx", line 2083, in uvloop.loop.Loop.create_connection
    await ssl_waiter
ConnectionResetError: [Errno 54] Connection reset by peer
2026-07-28 22:41:43,279 - app.services.trade_stream - ERROR - [实时流] 异常: [Errno 54] Connection reset by peer
Traceback (most recent call last):
  File "/Users/curtdk/.openclaw/workspace/fastapiGmgn/app/services/trade_stream.py", line 72, in _stream_loop
    async with websockets.connect(url) as ws:
               ~~~~~~~~~~~~~~~~~~^^^^^
  File "/Users/curtdk/.pyenv/versions/3.13.12/lib/python3.13/site-packages/websockets/legacy/client.py", line 642, in __aenter__
    return await self
           ^^^^^^^^^^
  File "/Users/curtdk/.pyenv/versions/3.13.12/lib/python3.13/site-packages/websockets/legacy/client.py", line 659, in __await_impl_timeout__
    return await asyncio.wait_for(self.__await_impl__(), self.open_timeout)
           ^^^^^^^^^^^^^^^^^^^^^^^^^^^^^^^^^^^^^^^^^^^^^^^^^^^^^^^^^^^^^^^^
  File "/Users/curtdk/.pyenv/versions/3.13.12/lib/python3.13/asyncio/tasks.py", line 507, in wait_for
    return await fut
           ^^^^^^^^^
  File "/Users/curtdk/.pyenv/versions/3.13.12/lib/python3.13/site-packages/websockets/legacy/client.py", line 663, in __await_impl__
    _transport, _protocol = await self._create_connection()
                            ^^^^^^^^^^^^^^^^^^^^^^^^^^^^^^^
  File "uvloop/loop.pyx", line 2088, in create_connection
    raise
  File "uvloop/loop.pyx", line 2083, in uvloop.loop.Loop.create_connection
    await ssl_waiter
ConnectionResetError: [Errno 54] Connection reset by peer
2026-07-28 22:41:46,390 - app.services.trade_stream - ERROR - [实时流] 异常: [Errno 54] Connection reset by peer
Traceback (most recent call last):
  File "/Users/curtdk/.openclaw/workspace/fastapiGmgn/app/services/trade_stream.py", line 72, in _stream_loop
    async with websockets.connect(url) as ws:
               ~~~~~~~~~~~~~~~~~~^^^^^
  File "/Users/curtdk/.pyenv/versions/3.13.12/lib/python3.13/site-packages/websockets/legacy/client.py", line 642, in __aenter__
    return await self
           ^^^^^^^^^^
  File "/Users/curtdk/.pyenv/versions/3.13.12/lib/python3.13/site-packages/websockets/legacy/client.py", line 659, in __await_impl_timeout__
    return await asyncio.wait_for(self.__await_impl__(), self.open_timeout)
           ^^^^^^^^^^^^^^^^^^^^^^^^^^^^^^^^^^^^^^^^^^^^^^^^^^^^^^^^^^^^^^^^
  File "/Users/curtdk/.pyenv/versions/3.13.12/lib/python3.13/asyncio/tasks.py", line 507, in wait_for
    return await fut
           ^^^^^^^^^
  File "/Users/curtdk/.pyenv/versions/3.13.12/lib/python3.13/site-packages/websockets/legacy/client.py", line 663, in __await_impl__
    _transport, _protocol = await self._create_connection()
                            ^^^^^^^^^^^^^^^^^^^^^^^^^^^^^^^
  File "uvloop/loop.pyx", line 2088, in create_connection
    raise
  File "uvloop/loop.pyx", line 2083, in uvloop.loop.Loop.create_connection
    await ssl_waiter
ConnectionResetError: [Errno 54] Connection reset by peer
2026-07-28 22:41:49,518 - app.services.trade_stream - ERROR - [实时流] 异常: [Errno 54] Connection reset by peer
Traceback (most recent call last):
  File "/Users/curtdk/.openclaw/workspace/fastapiGmgn/app/services/trade_stream.py", line 72, in _stream_loop
    async with websockets.connect(url) as ws:
               ~~~~~~~~~~~~~~~~~~^^^^^
  File "/Users/curtdk/.pyenv/versions/3.13.12/lib/python3.13/site-packages/websockets/legacy/client.py", line 642, in __aenter__
    return await self
           ^^^^^^^^^^
  File "/Users/curtdk/.pyenv/versions/3.13.12/lib/python3.13/site-packages/websockets/legacy/client.py", line 659, in __await_impl_timeout__
    return await asyncio.wait_for(self.__await_impl__(), self.open_timeout)
           ^^^^^^^^^^^^^^^^^^^^^^^^^^^^^^^^^^^^^^^^^^^^^^^^^^^^^^^^^^^^^^^^
  File "/Users/curtdk/.pyenv/versions/3.13.12/lib/python3.13/asyncio/tasks.py", line 507, in wait_for
    return await fut
           ^^^^^^^^^
  File "/Users/curtdk/.pyenv/versions/3.13.12/lib/python3.13/site-packages/websockets/legacy/client.py", line 663, in __await_impl__
    _transport, _protocol = await self._create_connection()
                            ^^^^^^^^^^^^^^^^^^^^^^^^^^^^^^^
  File "uvloop/loop.pyx", line 2088, in create_connection
    raise
  File "uvloop/loop.pyx", line 2083, in uvloop.loop.Loop.create_connection
    await ssl_waiter
ConnectionResetError: [Errno 54] Connection reset by peer
2026-07-28 22:41:52,619 - app.services.trade_stream - ERROR - [实时流] 异常: [Errno 54] Connection reset by peer
Traceback (most recent call last):
  File "/Users/curtdk/.openclaw/workspace/fastapiGmgn/app/services/trade_stream.py", line 72, in _stream_loop
    async with websockets.connect(url) as ws:
               ~~~~~~~~~~~~~~~~~~^^^^^
  File "/Users/curtdk/.pyenv/versions/3.13.12/lib/python3.13/site-packages/websockets/legacy/client.py", line 642, in __aenter__
    return await self
           ^^^^^^^^^^
  File "/Users/curtdk/.pyenv/versions/3.13.12/lib/python3.13/site-packages/websockets/legacy/client.py", line 659, in __await_impl_timeout__
    return await asyncio.wait_for(self.__await_impl__(), self.open_timeout)
           ^^^^^^^^^^^^^^^^^^^^^^^^^^^^^^^^^^^^^^^^^^^^^^^^^^^^^^^^^^^^^^^^
  File "/Users/curtdk/.pyenv/versions/3.13.12/lib/python3.13/asyncio/tasks.py", line 507, in wait_for
    return await fut
           ^^^^^^^^^
  File "/Users/curtdk/.pyenv/versions/3.13.12/lib/python3.13/site-packages/websockets/legacy/client.py", line 663, in __await_impl__
    _transport, _protocol = await self._create_connection()
                            ^^^^^^^^^^^^^^^^^^^^^^^^^^^^^^^
  File "uvloop/loop.pyx", line 2088, in create_connection
    raise
  File "uvloop/loop.pyx", line 2083, in uvloop.loop.Loop.create_connection
    await ssl_waiter
ConnectionResetError: [Errno 54] Connection reset by peer
2026-07-28 22:41:55,740 - app.services.trade_stream - ERROR - [实时流] 异常: [Errno 54] Connection reset by peer
Traceback (most recent call last):
  File "/Users/curtdk/.openclaw/workspace/fastapiGmgn/app/services/trade_stream.py", line 72, in _stream_loop
    async with websockets.connect(url) as ws:
               ~~~~~~~~~~~~~~~~~~^^^^^
  File "/Users/curtdk/.pyenv/versions/3.13.12/lib/python3.13/site-packages/websockets/legacy/client.py", line 642, in __aenter__
    return await self
           ^^^^^^^^^^
  File "/Users/curtdk/.pyenv/versions/3.13.12/lib/python3.13/site-packages/websockets/legacy/client.py", line 659, in __await_impl_timeout__
    return await asyncio.wait_for(self.__await_impl__(), self.open_timeout)
           ^^^^^^^^^^^^^^^^^^^^^^^^^^^^^^^^^^^^^^^^^^^^^^^^^^^^^^^^^^^^^^^^
  File "/Users/curtdk/.pyenv/versions/3.13.12/lib/python3.13/asyncio/tasks.py", line 507, in wait_for
    return await fut
           ^^^^^^^^^
  File "/Users/curtdk/.pyenv/versions/3.13.12/lib/python3.13/site-packages/websockets/legacy/client.py", line 663, in __await_impl__
    _transport, _protocol = await self._create_connection()
                            ^^^^^^^^^^^^^^^^^^^^^^^^^^^^^^^
  File "uvloop/loop.pyx", line 2088, in create_connection
    raise
  File "uvloop/loop.pyx", line 2083, in uvloop.loop.Loop.create_connection
    await ssl_waiter
ConnectionResetError: [Errno 54] Connection reset by peer
2026-07-28 22:41:58,861 - app.services.trade_stream - ERROR - [实时流] 异常: [Errno 54] Connection reset by peer
Traceback (most recent call last):
  File "/Users/curtdk/.openclaw/workspace/fastapiGmgn/app/services/trade_stream.py", line 72, in _stream_loop
    async with websockets.connect(url) as ws:
               ~~~~~~~~~~~~~~~~~~^^^^^
  File "/Users/curtdk/.pyenv/versions/3.13.12/lib/python3.13/site-packages/websockets/legacy/client.py", line 642, in __aenter__
    return await self
           ^^^^^^^^^^
  File "/Users/curtdk/.pyenv/versions/3.13.12/lib/python3.13/site-packages/websockets/legacy/client.py", line 659, in __await_impl_timeout__
    return await asyncio.wait_for(self.__await_impl__(), self.open_timeout)
           ^^^^^^^^^^^^^^^^^^^^^^^^^^^^^^^^^^^^^^^^^^^^^^^^^^^^^^^^^^^^^^^^
  File "/Users/curtdk/.pyenv/versions/3.13.12/lib/python3.13/asyncio/tasks.py", line 507, in wait_for
    return await fut
           ^^^^^^^^^
  File "/Users/curtdk/.pyenv/versions/3.13.12/lib/python3.13/site-packages/websockets/legacy/client.py", line 663, in __await_impl__
    _transport, _protocol = await self._create_connection()
                            ^^^^^^^^^^^^^^^^^^^^^^^^^^^^^^^
  File "uvloop/loop.pyx", line 2088, in create_connection
    raise
  File "uvloop/loop.pyx", line 2083, in uvloop.loop.Loop.create_connection
    await ssl_waiter
ConnectionResetError: [Errno 54] Connection reset by peer
2026-07-28 22:42:01,974 - app.services.trade_stream - ERROR - [实时流] 异常: [Errno 54] Connection reset by peer
Traceback (most recent call last):
  File "/Users/curtdk/.openclaw/workspace/fastapiGmgn/app/services/trade_stream.py", line 72, in _stream_loop
    async with websockets.connect(url) as ws:
               ~~~~~~~~~~~~~~~~~~^^^^^
  File "/Users/curtdk/.pyenv/versions/3.13.12/lib/python3.13/site-packages/websockets/legacy/client.py", line 642, in __aenter__
    return await self
           ^^^^^^^^^^
  File "/Users/curtdk/.pyenv/versions/3.13.12/lib/python3.13/site-packages/websockets/legacy/client.py", line 659, in __await_impl_timeout__
    return await asyncio.wait_for(self.__await_impl__(), self.open_timeout)
           ^^^^^^^^^^^^^^^^^^^^^^^^^^^^^^^^^^^^^^^^^^^^^^^^^^^^^^^^^^^^^^^^
  File "/Users/curtdk/.pyenv/versions/3.13.12/lib/python3.13/asyncio/tasks.py", line 507, in wait_for
    return await fut
           ^^^^^^^^^
  File "/Users/curtdk/.pyenv/versions/3.13.12/lib/python3.13/site-packages/websockets/legacy/client.py", line 663, in __await_impl__
    _transport, _protocol = await self._create_connection()
                            ^^^^^^^^^^^^^^^^^^^^^^^^^^^^^^^
  File "uvloop/loop.pyx", line 2088, in create_connection
    raise
  File "uvloop/loop.pyx", line 2083, in uvloop.loop.Loop.create_connection
    await ssl_waiter
ConnectionResetError: [Errno 54] Connection reset by peer
2026-07-28 22:42:05,089 - app.services.trade_stream - ERROR - [实时流] 异常: [Errno 54] Connection reset by peer
Traceback (most recent call last):
  File "/Users/curtdk/.openclaw/workspace/fastapiGmgn/app/services/trade_stream.py", line 72, in _stream_loop
    async with websockets.connect(url) as ws:
               ~~~~~~~~~~~~~~~~~~^^^^^
  File "/Users/curtdk/.pyenv/versions/3.13.12/lib/python3.13/site-packages/websockets/legacy/client.py", line 642, in __aenter__
    return await self
           ^^^^^^^^^^
  File "/Users/curtdk/.pyenv/versions/3.13.12/lib/python3.13/site-packages/websockets/legacy/client.py", line 659, in __await_impl_timeout__
    return await asyncio.wait_for(self.__await_impl__(), self.open_timeout)
           ^^^^^^^^^^^^^^^^^^^^^^^^^^^^^^^^^^^^^^^^^^^^^^^^^^^^^^^^^^^^^^^^
  File "/Users/curtdk/.pyenv/versions/3.13.12/lib/python3.13/asyncio/tasks.py", line 507, in wait_for
    return await fut
           ^^^^^^^^^
  File "/Users/curtdk/.pyenv/versions/3.13.12/lib/python3.13/site-packages/websockets/legacy/client.py", line 663, in __await_impl__
    _transport, _protocol = await self._create_connection()
                            ^^^^^^^^^^^^^^^^^^^^^^^^^^^^^^^
  File "uvloop/loop.pyx", line 2088, in create_connection
    raise
  File "uvloop/loop.pyx", line 2083, in uvloop.loop.Loop.create_connection
    await ssl_waiter
ConnectionResetError: [Errno 54] Connection reset by peer
2026-07-28 22:42:08,195 - app.services.trade_stream - ERROR - [实时流] 异常: [Errno 54] Connection reset by peer
Traceback (most recent call last):
  File "/Users/curtdk/.openclaw/workspace/fastapiGmgn/app/services/trade_stream.py", line 72, in _stream_loop
    async with websockets.connect(url) as ws:
               ~~~~~~~~~~~~~~~~~~^^^^^
  File "/Users/curtdk/.pyenv/versions/3.13.12/lib/python3.13/site-packages/websockets/legacy/client.py", line 642, in __aenter__
    return await self
           ^^^^^^^^^^
  File "/Users/curtdk/.pyenv/versions/3.13.12/lib/python3.13/site-packages/websockets/legacy/client.py", line 659, in __await_impl_timeout__
    return await asyncio.wait_for(self.__await_impl__(), self.open_timeout)
           ^^^^^^^^^^^^^^^^^^^^^^^^^^^^^^^^^^^^^^^^^^^^^^^^^^^^^^^^^^^^^^^^
  File "/Users/curtdk/.pyenv/versions/3.13.12/lib/python3.13/asyncio/tasks.py", line 507, in wait_for
    return await fut
           ^^^^^^^^^
  File "/Users/curtdk/.pyenv/versions/3.13.12/lib/python3.13/site-packages/websockets/legacy/client.py", line 663, in __await_impl__
    _transport, _protocol = await self._create_connection()
                            ^^^^^^^^^^^^^^^^^^^^^^^^^^^^^^^
  File "uvloop/loop.pyx", line 2088, in create_connection
    raise
  File "uvloop/loop.pyx", line 2083, in uvloop.loop.Loop.create_connection
    await ssl_waiter
ConnectionResetError: [Errno 54] Connection reset by peer
2026-07-28 22:42:11,308 - app.services.trade_stream - ERROR - [实时流] 异常: [Errno 54] Connection reset by peer
Traceback (most recent call last):
  File "/Users/curtdk/.openclaw/workspace/fastapiGmgn/app/services/trade_stream.py", line 72, in _stream_loop
    async with websockets.connect(url) as ws:
               ~~~~~~~~~~~~~~~~~~^^^^^
  File "/Users/curtdk/.pyenv/versions/3.13.12/lib/python3.13/site-packages/websockets/legacy/client.py", line 642, in __aenter__
    return await self
           ^^^^^^^^^^
  File "/Users/curtdk/.pyenv/versions/3.13.12/lib/python3.13/site-packages/websockets/legacy/client.py", line 659, in __await_impl_timeout__
    return await asyncio.wait_for(self.__await_impl__(), self.open_timeout)
           ^^^^^^^^^^^^^^^^^^^^^^^^^^^^^^^^^^^^^^^^^^^^^^^^^^^^^^^^^^^^^^^^
  File "/Users/curtdk/.pyenv/versions/3.13.12/lib/python3.13/asyncio/tasks.py", line 507, in wait_for
    return await fut
           ^^^^^^^^^
  File "/Users/curtdk/.pyenv/versions/3.13.12/lib/python3.13/site-packages/websockets/legacy/client.py", line 663, in __await_impl__
    _transport, _protocol = await self._create_connection()
                            ^^^^^^^^^^^^^^^^^^^^^^^^^^^^^^^
  File "uvloop/loop.pyx", line 2088, in create_connection
    raise
  File "uvloop/loop.pyx", line 2083, in uvloop.loop.Loop.create_connection
    await ssl_waiter
ConnectionResetError: [Errno 54] Connection reset by peer
2026-07-28 22:42:14,420 - app.services.trade_stream - ERROR - [实时流] 异常: [Errno 54] Connection reset by peer
Traceback (most recent call last):
  File "/Users/curtdk/.openclaw/workspace/fastapiGmgn/app/services/trade_stream.py", line 72, in _stream_loop
    async with websockets.connect(url) as ws:
               ~~~~~~~~~~~~~~~~~~^^^^^
  File "/Users/curtdk/.pyenv/versions/3.13.12/lib/python3.13/site-packages/websockets/legacy/client.py", line 642, in __aenter__
    return await self
           ^^^^^^^^^^
  File "/Users/curtdk/.pyenv/versions/3.13.12/lib/python3.13/site-packages/websockets/legacy/client.py", line 659, in __await_impl_timeout__
    return await asyncio.wait_for(self.__await_impl__(), self.open_timeout)
           ^^^^^^^^^^^^^^^^^^^^^^^^^^^^^^^^^^^^^^^^^^^^^^^^^^^^^^^^^^^^^^^^
  File "/Users/curtdk/.pyenv/versions/3.13.12/lib/python3.13/asyncio/tasks.py", line 507, in wait_for
    return await fut
           ^^^^^^^^^
  File "/Users/curtdk/.pyenv/versions/3.13.12/lib/python3.13/site-packages/websockets/legacy/client.py", line 663, in __await_impl__
    _transport, _protocol = await self._create_connection()
                            ^^^^^^^^^^^^^^^^^^^^^^^^^^^^^^^
  File "uvloop/loop.pyx", line 2088, in create_connection
    raise
  File "uvloop/loop.pyx", line 2083, in uvloop.loop.Loop.create_connection
    await ssl_waiter
ConnectionResetError: [Errno 54] Connection reset by peer
2026-07-28 22:42:17,529 - app.services.trade_stream - ERROR - [实时流] 异常: [Errno 54] Connection reset by peer
Traceback (most recent call last):
  File "/Users/curtdk/.openclaw/workspace/fastapiGmgn/app/services/trade_stream.py", line 72, in _stream_loop
    async with websockets.connect(url) as ws:
               ~~~~~~~~~~~~~~~~~~^^^^^
  File "/Users/curtdk/.pyenv/versions/3.13.12/lib/python3.13/site-packages/websockets/legacy/client.py", line 642, in __aenter__
    return await self
           ^^^^^^^^^^
  File "/Users/curtdk/.pyenv/versions/3.13.12/lib/python3.13/site-packages/websockets/legacy/client.py", line 659, in __await_impl_timeout__
    return await asyncio.wait_for(self.__await_impl__(), self.open_timeout)
           ^^^^^^^^^^^^^^^^^^^^^^^^^^^^^^^^^^^^^^^^^^^^^^^^^^^^^^^^^^^^^^^^
  File "/Users/curtdk/.pyenv/versions/3.13.12/lib/python3.13/asyncio/tasks.py", line 507, in wait_for
    return await fut
           ^^^^^^^^^
  File "/Users/curtdk/.pyenv/versions/3.13.12/lib/python3.13/site-packages/websockets/legacy/client.py", line 663, in __await_impl__
    _transport, _protocol = await self._create_connection()
                            ^^^^^^^^^^^^^^^^^^^^^^^^^^^^^^^
  File "uvloop/loop.pyx", line 2088, in create_connection
    raise
  File "uvloop/loop.pyx", line 2083, in uvloop.loop.Loop.create_connection
    await ssl_waiter
ConnectionResetError: [Errno 54] Connection reset by peer
2026-07-28 22:42:20,630 - app.services.trade_stream - ERROR - [实时流] 异常: [Errno 54] Connection reset by peer
Traceback (most recent call last):
  File "/Users/curtdk/.openclaw/workspace/fastapiGmgn/app/services/trade_stream.py", line 72, in _stream_loop
    async with websockets.connect(url) as ws:
               ~~~~~~~~~~~~~~~~~~^^^^^
  File "/Users/curtdk/.pyenv/versions/3.13.12/lib/python3.13/site-packages/websockets/legacy/client.py", line 642, in __aenter__
    return await self
           ^^^^^^^^^^
  File "/Users/curtdk/.pyenv/versions/3.13.12/lib/python3.13/site-packages/websockets/legacy/client.py", line 659, in __await_impl_timeout__
    return await asyncio.wait_for(self.__await_impl__(), self.open_timeout)
           ^^^^^^^^^^^^^^^^^^^^^^^^^^^^^^^^^^^^^^^^^^^^^^^^^^^^^^^^^^^^^^^^
  File "/Users/curtdk/.pyenv/versions/3.13.12/lib/python3.13/asyncio/tasks.py", line 507, in wait_for
    return await fut
           ^^^^^^^^^
  File "/Users/curtdk/.pyenv/versions/3.13.12/lib/python3.13/site-packages/websockets/legacy/client.py", line 663, in __await_impl__
    _transport, _protocol = await self._create_connection()
                            ^^^^^^^^^^^^^^^^^^^^^^^^^^^^^^^
  File "uvloop/loop.pyx", line 2088, in create_connection
    raise
  File "uvloop/loop.pyx", line 2083, in uvloop.loop.Loop.create_connection
    await ssl_waiter
ConnectionResetError: [Errno 54] Connection reset by peer
2026-07-28 22:42:23,760 - app.services.trade_stream - ERROR - [实时流] 异常: [Errno 54] Connection reset by peer
Traceback (most recent call last):
  File "/Users/curtdk/.openclaw/workspace/fastapiGmgn/app/services/trade_stream.py", line 72, in _stream_loop
    async with websockets.connect(url) as ws:
               ~~~~~~~~~~~~~~~~~~^^^^^
  File "/Users/curtdk/.pyenv/versions/3.13.12/lib/python3.13/site-packages/websockets/legacy/client.py", line 642, in __aenter__
    return await self
           ^^^^^^^^^^
  File "/Users/curtdk/.pyenv/versions/3.13.12/lib/python3.13/site-packages/websockets/legacy/client.py", line 659, in __await_impl_timeout__
    return await asyncio.wait_for(self.__await_impl__(), self.open_timeout)
           ^^^^^^^^^^^^^^^^^^^^^^^^^^^^^^^^^^^^^^^^^^^^^^^^^^^^^^^^^^^^^^^^
  File "/Users/curtdk/.pyenv/versions/3.13.12/lib/python3.13/asyncio/tasks.py", line 507, in wait_for
    return await fut
           ^^^^^^^^^
  File "/Users/curtdk/.pyenv/versions/3.13.12/lib/python3.13/site-packages/websockets/legacy/client.py", line 663, in __await_impl__
    _transport, _protocol = await self._create_connection()
                            ^^^^^^^^^^^^^^^^^^^^^^^^^^^^^^^
  File "uvloop/loop.pyx", line 2088, in create_connection
    raise
  File "uvloop/loop.pyx", line 2083, in uvloop.loop.Loop.create_connection
    await ssl_waiter
ConnectionResetError: [Errno 54] Connection reset by peer
2026-07-28 22:42:26,880 - app.services.trade_stream - ERROR - [实时流] 异常: [Errno 54] Connection reset by peer
Traceback (most recent call last):
  File "/Users/curtdk/.openclaw/workspace/fastapiGmgn/app/services/trade_stream.py", line 72, in _stream_loop
    async with websockets.connect(url) as ws:
               ~~~~~~~~~~~~~~~~~~^^^^^
  File "/Users/curtdk/.pyenv/versions/3.13.12/lib/python3.13/site-packages/websockets/legacy/client.py", line 642, in __aenter__
    return await self
           ^^^^^^^^^^
  File "/Users/curtdk/.pyenv/versions/3.13.12/lib/python3.13/site-packages/websockets/legacy/client.py", line 659, in __await_impl_timeout__
    return await asyncio.wait_for(self.__await_impl__(), self.open_timeout)
           ^^^^^^^^^^^^^^^^^^^^^^^^^^^^^^^^^^^^^^^^^^^^^^^^^^^^^^^^^^^^^^^^
  File "/Users/curtdk/.pyenv/versions/3.13.12/lib/python3.13/asyncio/tasks.py", line 507, in wait_for
    return await fut
           ^^^^^^^^^
  File "/Users/curtdk/.pyenv/versions/3.13.12/lib/python3.13/site-packages/websockets/legacy/client.py", line 663, in __await_impl__
    _transport, _protocol = await self._create_connection()
                            ^^^^^^^^^^^^^^^^^^^^^^^^^^^^^^^
  File "uvloop/loop.pyx", line 2088, in create_connection
    raise
  File "uvloop/loop.pyx", line 2083, in uvloop.loop.Loop.create_connection
    await ssl_waiter
ConnectionResetError: [Errno 54] Connection reset by peer
2026-07-28 22:42:29,987 - app.services.trade_stream - ERROR - [实时流] 异常: [Errno 54] Connection reset by peer
Traceback (most recent call last):
  File "/Users/curtdk/.openclaw/workspace/fastapiGmgn/app/services/trade_stream.py", line 72, in _stream_loop
    async with websockets.connect(url) as ws:
               ~~~~~~~~~~~~~~~~~~^^^^^
  File "/Users/curtdk/.pyenv/versions/3.13.12/lib/python3.13/site-packages/websockets/legacy/client.py", line 642, in __aenter__
    return await self
           ^^^^^^^^^^
  File "/Users/curtdk/.pyenv/versions/3.13.12/lib/python3.13/site-packages/websockets/legacy/client.py", line 659, in __await_impl_timeout__
    return await asyncio.wait_for(self.__await_impl__(), self.open_timeout)
           ^^^^^^^^^^^^^^^^^^^^^^^^^^^^^^^^^^^^^^^^^^^^^^^^^^^^^^^^^^^^^^^^
  File "/Users/curtdk/.pyenv/versions/3.13.12/lib/python3.13/asyncio/tasks.py", line 507, in wait_for
    return await fut
           ^^^^^^^^^
  File "/Users/curtdk/.pyenv/versions/3.13.12/lib/python3.13/site-packages/websockets/legacy/client.py", line 663, in __await_impl__
    _transport, _protocol = await self._create_connection()
                            ^^^^^^^^^^^^^^^^^^^^^^^^^^^^^^^
  File "uvloop/loop.pyx", line 2088, in create_connection
    raise
  File "uvloop/loop.pyx", line 2083, in uvloop.loop.Loop.create_connection
    await ssl_waiter
ConnectionResetError: [Errno 54] Connection reset by peer
2026-07-28 22:42:33,097 - app.services.trade_stream - ERROR - [实时流] 异常: [Errno 54] Connection reset by peer
Traceback (most recent call last):
  File "/Users/curtdk/.openclaw/workspace/fastapiGmgn/app/services/trade_stream.py", line 72, in _stream_loop
    async with websockets.connect(url) as ws:
               ~~~~~~~~~~~~~~~~~~^^^^^
  File "/Users/curtdk/.pyenv/versions/3.13.12/lib/python3.13/site-packages/websockets/legacy/client.py", line 642, in __aenter__
    return await self
           ^^^^^^^^^^
  File "/Users/curtdk/.pyenv/versions/3.13.12/lib/python3.13/site-packages/websockets/legacy/client.py", line 659, in __await_impl_timeout__
    return await asyncio.wait_for(self.__await_impl__(), self.open_timeout)
           ^^^^^^^^^^^^^^^^^^^^^^^^^^^^^^^^^^^^^^^^^^^^^^^^^^^^^^^^^^^^^^^^
  File "/Users/curtdk/.pyenv/versions/3.13.12/lib/python3.13/asyncio/tasks.py", line 507, in wait_for
    return await fut
           ^^^^^^^^^
  File "/Users/curtdk/.pyenv/versions/3.13.12/lib/python3.13/site-packages/websockets/legacy/client.py", line 663, in __await_impl__
    _transport, _protocol = await self._create_connection()
                            ^^^^^^^^^^^^^^^^^^^^^^^^^^^^^^^
  File "uvloop/loop.pyx", line 2088, in create_connection
    raise
  File "uvloop/loop.pyx", line 2083, in uvloop.loop.Loop.create_connection
    await ssl_waiter
ConnectionResetError: [Errno 54] Connection reset by peer
2026-07-28 22:42:36,216 - app.services.trade_stream - ERROR - [实时流] 异常: [Errno 54] Connection reset by peer
Traceback (most recent call last):
  File "/Users/curtdk/.openclaw/workspace/fastapiGmgn/app/services/trade_stream.py", line 72, in _stream_loop
    async with websockets.connect(url) as ws:
               ~~~~~~~~~~~~~~~~~~^^^^^
  File "/Users/curtdk/.pyenv/versions/3.13.12/lib/python3.13/site-packages/websockets/legacy/client.py", line 642, in __aenter__
    return await self
           ^^^^^^^^^^
  File "/Users/curtdk/.pyenv/versions/3.13.12/lib/python3.13/site-packages/websockets/legacy/client.py", line 659, in __await_impl_timeout__
    return await asyncio.wait_for(self.__await_impl__(), self.open_timeout)
           ^^^^^^^^^^^^^^^^^^^^^^^^^^^^^^^^^^^^^^^^^^^^^^^^^^^^^^^^^^^^^^^^
  File "/Users/curtdk/.pyenv/versions/3.13.12/lib/python3.13/asyncio/tasks.py", line 507, in wait_for
    return await fut
           ^^^^^^^^^
  File "/Users/curtdk/.pyenv/versions/3.13.12/lib/python3.13/site-packages/websockets/legacy/client.py", line 663, in __await_impl__
    _transport, _protocol = await self._create_connection()
                            ^^^^^^^^^^^^^^^^^^^^^^^^^^^^^^^
  File "uvloop/loop.pyx", line 2088, in create_connection
    raise
  File "uvloop/loop.pyx", line 2083, in uvloop.loop.Loop.create_connection
    await ssl_waiter
ConnectionResetError: [Errno 54] Connection reset by peer
2026-07-28 22:42:39,356 - app.services.trade_stream - ERROR - [实时流] 异常: [Errno 54] Connection reset by peer
Traceback (most recent call last):
  File "/Users/curtdk/.openclaw/workspace/fastapiGmgn/app/services/trade_stream.py", line 72, in _stream_loop
    async with websockets.connect(url) as ws:
               ~~~~~~~~~~~~~~~~~~^^^^^
  File "/Users/curtdk/.pyenv/versions/3.13.12/lib/python3.13/site-packages/websockets/legacy/client.py", line 642, in __aenter__
    return await self
           ^^^^^^^^^^
  File "/Users/curtdk/.pyenv/versions/3.13.12/lib/python3.13/site-packages/websockets/legacy/client.py", line 659, in __await_impl_timeout__
    return await asyncio.wait_for(self.__await_impl__(), self.open_timeout)
           ^^^^^^^^^^^^^^^^^^^^^^^^^^^^^^^^^^^^^^^^^^^^^^^^^^^^^^^^^^^^^^^^
  File "/Users/curtdk/.pyenv/versions/3.13.12/lib/python3.13/asyncio/tasks.py", line 507, in wait_for
    return await fut
           ^^^^^^^^^
  File "/Users/curtdk/.pyenv/versions/3.13.12/lib/python3.13/site-packages/websockets/legacy/client.py", line 663, in __await_impl__
    _transport, _protocol = await self._create_connection()
                            ^^^^^^^^^^^^^^^^^^^^^^^^^^^^^^^
  File "uvloop/loop.pyx", line 2088, in create_connection
    raise
  File "uvloop/loop.pyx", line 2083, in uvloop.loop.Loop.create_connection
    await ssl_waiter
ConnectionResetError: [Errno 54] Connection reset by peer
2026-07-28 22:42:42,473 - app.services.trade_stream - ERROR - [实时流] 异常: [Errno 54] Connection reset by peer
Traceback (most recent call last):
  File "/Users/curtdk/.openclaw/workspace/fastapiGmgn/app/services/trade_stream.py", line 72, in _stream_loop
    async with websockets.connect(url) as ws:
               ~~~~~~~~~~~~~~~~~~^^^^^
  File "/Users/curtdk/.pyenv/versions/3.13.12/lib/python3.13/site-packages/websockets/legacy/client.py", line 642, in __aenter__
    return await self
           ^^^^^^^^^^
  File "/Users/curtdk/.pyenv/versions/3.13.12/lib/python3.13/site-packages/websockets/legacy/client.py", line 659, in __await_impl_timeout__
    return await asyncio.wait_for(self.__await_impl__(), self.open_timeout)
           ^^^^^^^^^^^^^^^^^^^^^^^^^^^^^^^^^^^^^^^^^^^^^^^^^^^^^^^^^^^^^^^^
  File "/Users/curtdk/.pyenv/versions/3.13.12/lib/python3.13/asyncio/tasks.py", line 507, in wait_for
    return await fut
           ^^^^^^^^^
  File "/Users/curtdk/.pyenv/versions/3.13.12/lib/python3.13/site-packages/websockets/legacy/client.py", line 663, in __await_impl__
    _transport, _protocol = await self._create_connection()
                            ^^^^^^^^^^^^^^^^^^^^^^^^^^^^^^^
  File "uvloop/loop.pyx", line 2088, in create_connection
    raise
  File "uvloop/loop.pyx", line 2083, in uvloop.loop.Loop.create_connection
    await ssl_waiter
ConnectionResetError: [Errno 54] Connection reset by peer
2026-07-28 22:42:45,580 - app.services.trade_stream - ERROR - [实时流] 异常: [Errno 54] Connection reset by peer
Traceback (most recent call last):
  File "/Users/curtdk/.openclaw/workspace/fastapiGmgn/app/services/trade_stream.py", line 72, in _stream_loop
    async with websockets.connect(url) as ws:
               ~~~~~~~~~~~~~~~~~~^^^^^
  File "/Users/curtdk/.pyenv/versions/3.13.12/lib/python3.13/site-packages/websockets/legacy/client.py", line 642, in __aenter__
    return await self
           ^^^^^^^^^^
  File "/Users/curtdk/.pyenv/versions/3.13.12/lib/python3.13/site-packages/websockets/legacy/client.py", line 659, in __await_impl_timeout__
    return await asyncio.wait_for(self.__await_impl__(), self.open_timeout)
           ^^^^^^^^^^^^^^^^^^^^^^^^^^^^^^^^^^^^^^^^^^^^^^^^^^^^^^^^^^^^^^^^
  File "/Users/curtdk/.pyenv/versions/3.13.12/lib/python3.13/asyncio/tasks.py", line 507, in wait_for
    return await fut
           ^^^^^^^^^
  File "/Users/curtdk/.pyenv/versions/3.13.12/lib/python3.13/site-packages/websockets/legacy/client.py", line 663, in __await_impl__
    _transport, _protocol = await self._create_connection()
                            ^^^^^^^^^^^^^^^^^^^^^^^^^^^^^^^
  File "uvloop/loop.pyx", line 2088, in create_connection
    raise
  File "uvloop/loop.pyx", line 2083, in uvloop.loop.Loop.create_connection
    await ssl_waiter
ConnectionResetError: [Errno 54] Connection reset by peer
2026-07-28 22:42:48,689 - app.services.trade_stream - ERROR - [实时流] 异常: [Errno 54] Connection reset by peer
Traceback (most recent call last):
  File "/Users/curtdk/.openclaw/workspace/fastapiGmgn/app/services/trade_stream.py", line 72, in _stream_loop
    async with websockets.connect(url) as ws:
               ~~~~~~~~~~~~~~~~~~^^^^^
  File "/Users/curtdk/.pyenv/versions/3.13.12/lib/python3.13/site-packages/websockets/legacy/client.py", line 642, in __aenter__
    return await self
           ^^^^^^^^^^
  File "/Users/curtdk/.pyenv/versions/3.13.12/lib/python3.13/site-packages/websockets/legacy/client.py", line 659, in __await_impl_timeout__
    return await asyncio.wait_for(self.__await_impl__(), self.open_timeout)
           ^^^^^^^^^^^^^^^^^^^^^^^^^^^^^^^^^^^^^^^^^^^^^^^^^^^^^^^^^^^^^^^^
  File "/Users/curtdk/.pyenv/versions/3.13.12/lib/python3.13/asyncio/tasks.py", line 507, in wait_for
    return await fut
           ^^^^^^^^^
  File "/Users/curtdk/.pyenv/versions/3.13.12/lib/python3.13/site-packages/websockets/legacy/client.py", line 663, in __await_impl__
    _transport, _protocol = await self._create_connection()
                            ^^^^^^^^^^^^^^^^^^^^^^^^^^^^^^^
  File "uvloop/loop.pyx", line 2088, in create_connection
    raise
  File "uvloop/loop.pyx", line 2083, in uvloop.loop.Loop.create_connection
    await ssl_waiter
ConnectionResetError: [Errno 54] Connection reset by peer
2026-07-28 22:42:51,801 - app.services.trade_stream - ERROR - [实时流] 异常: [Errno 54] Connection reset by peer
Traceback (most recent call last):
  File "/Users/curtdk/.openclaw/workspace/fastapiGmgn/app/services/trade_stream.py", line 72, in _stream_loop
    async with websockets.connect(url) as ws:
               ~~~~~~~~~~~~~~~~~~^^^^^
  File "/Users/curtdk/.pyenv/versions/3.13.12/lib/python3.13/site-packages/websockets/legacy/client.py", line 642, in __aenter__
    return await self
           ^^^^^^^^^^
  File "/Users/curtdk/.pyenv/versions/3.13.12/lib/python3.13/site-packages/websockets/legacy/client.py", line 659, in __await_impl_timeout__
    return await asyncio.wait_for(self.__await_impl__(), self.open_timeout)
           ^^^^^^^^^^^^^^^^^^^^^^^^^^^^^^^^^^^^^^^^^^^^^^^^^^^^^^^^^^^^^^^^
  File "/Users/curtdk/.pyenv/versions/3.13.12/lib/python3.13/asyncio/tasks.py", line 507, in wait_for
    return await fut
           ^^^^^^^^^
  File "/Users/curtdk/.pyenv/versions/3.13.12/lib/python3.13/site-packages/websockets/legacy/client.py", line 663, in __await_impl__
    _transport, _protocol = await self._create_connection()
                            ^^^^^^^^^^^^^^^^^^^^^^^^^^^^^^^
  File "uvloop/loop.pyx", line 2088, in create_connection
    raise
  File "uvloop/loop.pyx", line 2083, in uvloop.loop.Loop.create_connection
    await ssl_waiter
ConnectionResetError: [Errno 54] Connection reset by peer
2026-07-28 22:42:54,915 - app.services.trade_stream - ERROR - [实时流] 异常: [Errno 54] Connection reset by peer
Traceback (most recent call last):
  File "/Users/curtdk/.openclaw/workspace/fastapiGmgn/app/services/trade_stream.py", line 72, in _stream_loop
    async with websockets.connect(url) as ws:
               ~~~~~~~~~~~~~~~~~~^^^^^
  File "/Users/curtdk/.pyenv/versions/3.13.12/lib/python3.13/site-packages/websockets/legacy/client.py", line 642, in __aenter__
    return await self
           ^^^^^^^^^^
  File "/Users/curtdk/.pyenv/versions/3.13.12/lib/python3.13/site-packages/websockets/legacy/client.py", line 659, in __await_impl_timeout__
    return await asyncio.wait_for(self.__await_impl__(), self.open_timeout)
           ^^^^^^^^^^^^^^^^^^^^^^^^^^^^^^^^^^^^^^^^^^^^^^^^^^^^^^^^^^^^^^^^
  File "/Users/curtdk/.pyenv/versions/3.13.12/lib/python3.13/asyncio/tasks.py", line 507, in wait_for
    return await fut
           ^^^^^^^^^
  File "/Users/curtdk/.pyenv/versions/3.13.12/lib/python3.13/site-packages/websockets/legacy/client.py", line 663, in __await_impl__
    _transport, _protocol = await self._create_connection()
                            ^^^^^^^^^^^^^^^^^^^^^^^^^^^^^^^
  File "uvloop/loop.pyx", line 2088, in create_connection
    raise
  File "uvloop/loop.pyx", line 2083, in uvloop.loop.Loop.create_connection
    await ssl_waiter
ConnectionResetError: [Errno 54] Connection reset by peer
2026-07-28 22:42:58,024 - app.services.trade_stream - ERROR - [实时流] 异常: [Errno 54] Connection reset by peer
Traceback (most recent call last):
  File "/Users/curtdk/.openclaw/workspace/fastapiGmgn/app/services/trade_stream.py", line 72, in _stream_loop
    async with websockets.connect(url) as ws:
               ~~~~~~~~~~~~~~~~~~^^^^^
  File "/Users/curtdk/.pyenv/versions/3.13.12/lib/python3.13/site-packages/websockets/legacy/client.py", line 642, in __aenter__
    return await self
           ^^^^^^^^^^
  File "/Users/curtdk/.pyenv/versions/3.13.12/lib/python3.13/site-packages/websockets/legacy/client.py", line 659, in __await_impl_timeout__
    return await asyncio.wait_for(self.__await_impl__(), self.open_timeout)
           ^^^^^^^^^^^^^^^^^^^^^^^^^^^^^^^^^^^^^^^^^^^^^^^^^^^^^^^^^^^^^^^^
  File "/Users/curtdk/.pyenv/versions/3.13.12/lib/python3.13/asyncio/tasks.py", line 507, in wait_for
    return await fut
           ^^^^^^^^^
  File "/Users/curtdk/.pyenv/versions/3.13.12/lib/python3.13/site-packages/websockets/legacy/client.py", line 663, in __await_impl__
    _transport, _protocol = await self._create_connection()
                            ^^^^^^^^^^^^^^^^^^^^^^^^^^^^^^^
  File "uvloop/loop.pyx", line 2088, in create_connection
    raise
  File "uvloop/loop.pyx", line 2083, in uvloop.loop.Loop.create_connection
    await ssl_waiter
ConnectionResetError: [Errno 54] Connection reset by peer
2026-07-28 22:43:01,133 - app.services.trade_stream - ERROR - [实时流] 异常: [Errno 54] Connection reset by peer
Traceback (most recent call last):
  File "/Users/curtdk/.openclaw/workspace/fastapiGmgn/app/services/trade_stream.py", line 72, in _stream_loop
    async with websockets.connect(url) as ws:
               ~~~~~~~~~~~~~~~~~~^^^^^
  File "/Users/curtdk/.pyenv/versions/3.13.12/lib/python3.13/site-packages/websockets/legacy/client.py", line 642, in __aenter__
    return await self
           ^^^^^^^^^^
  File "/Users/curtdk/.pyenv/versions/3.13.12/lib/python3.13/site-packages/websockets/legacy/client.py", line 659, in __await_impl_timeout__
    return await asyncio.wait_for(self.__await_impl__(), self.open_timeout)
           ^^^^^^^^^^^^^^^^^^^^^^^^^^^^^^^^^^^^^^^^^^^^^^^^^^^^^^^^^^^^^^^^
  File "/Users/curtdk/.pyenv/versions/3.13.12/lib/python3.13/asyncio/tasks.py", line 507, in wait_for
    return await fut
           ^^^^^^^^^
  File "/Users/curtdk/.pyenv/versions/3.13.12/lib/python3.13/site-packages/websockets/legacy/client.py", line 663, in __await_impl__
    _transport, _protocol = await self._create_connection()
                            ^^^^^^^^^^^^^^^^^^^^^^^^^^^^^^^
  File "uvloop/loop.pyx", line 2088, in create_connection
    raise
  File "uvloop/loop.pyx", line 2083, in uvloop.loop.Loop.create_connection
    await ssl_waiter
ConnectionResetError: [Errno 54] Connection reset by peer
2026-07-28 22:43:04,228 - app.services.trade_stream - ERROR - [实时流] 异常: [Errno 54] Connection reset by peer
Traceback (most recent call last):
  File "/Users/curtdk/.openclaw/workspace/fastapiGmgn/app/services/trade_stream.py", line 72, in _stream_loop
    async with websockets.connect(url) as ws:
               ~~~~~~~~~~~~~~~~~~^^^^^
  File "/Users/curtdk/.pyenv/versions/3.13.12/lib/python3.13/site-packages/websockets/legacy/client.py", line 642, in __aenter__
    return await self
           ^^^^^^^^^^
  File "/Users/curtdk/.pyenv/versions/3.13.12/lib/python3.13/site-packages/websockets/legacy/client.py", line 659, in __await_impl_timeout__
    return await asyncio.wait_for(self.__await_impl__(), self.open_timeout)
           ^^^^^^^^^^^^^^^^^^^^^^^^^^^^^^^^^^^^^^^^^^^^^^^^^^^^^^^^^^^^^^^^
  File "/Users/curtdk/.pyenv/versions/3.13.12/lib/python3.13/asyncio/tasks.py", line 507, in wait_for
    return await fut
           ^^^^^^^^^
  File "/Users/curtdk/.pyenv/versions/3.13.12/lib/python3.13/site-packages/websockets/legacy/client.py", line 663, in __await_impl__
    _transport, _protocol = await self._create_connection()
                            ^^^^^^^^^^^^^^^^^^^^^^^^^^^^^^^
  File "uvloop/loop.pyx", line 2088, in create_connection
    raise
  File "uvloop/loop.pyx", line 2083, in uvloop.loop.Loop.create_connection
    await ssl_waiter
ConnectionResetError: [Errno 54] Connection reset by peer
2026-07-28 22:43:07,357 - app.services.trade_stream - ERROR - [实时流] 异常: [Errno 54] Connection reset by peer
Traceback (most recent call last):
  File "/Users/curtdk/.openclaw/workspace/fastapiGmgn/app/services/trade_stream.py", line 72, in _stream_loop
    async with websockets.connect(url) as ws:
               ~~~~~~~~~~~~~~~~~~^^^^^
  File "/Users/curtdk/.pyenv/versions/3.13.12/lib/python3.13/site-packages/websockets/legacy/client.py", line 642, in __aenter__
    return await self
           ^^^^^^^^^^
  File "/Users/curtdk/.pyenv/versions/3.13.12/lib/python3.13/site-packages/websockets/legacy/client.py", line 659, in __await_impl_timeout__
    return await asyncio.wait_for(self.__await_impl__(), self.open_timeout)
           ^^^^^^^^^^^^^^^^^^^^^^^^^^^^^^^^^^^^^^^^^^^^^^^^^^^^^^^^^^^^^^^^
  File "/Users/curtdk/.pyenv/versions/3.13.12/lib/python3.13/asyncio/tasks.py", line 507, in wait_for
    return await fut
           ^^^^^^^^^
  File "/Users/curtdk/.pyenv/versions/3.13.12/lib/python3.13/site-packages/websockets/legacy/client.py", line 663, in __await_impl__
    _transport, _protocol = await self._create_connection()
                            ^^^^^^^^^^^^^^^^^^^^^^^^^^^^^^^
  File "uvloop/loop.pyx", line 2088, in create_connection
    raise
  File "uvloop/loop.pyx", line 2083, in uvloop.loop.Loop.create_connection
    await ssl_waiter
ConnectionResetError: [Errno 54] Connection reset by peer
2026-07-28 22:43:10,461 - app.services.trade_stream - ERROR - [实时流] 异常: [Errno 54] Connection reset by peer
Traceback (most recent call last):
  File "/Users/curtdk/.openclaw/workspace/fastapiGmgn/app/services/trade_stream.py", line 72, in _stream_loop
    async with websockets.connect(url) as ws:
               ~~~~~~~~~~~~~~~~~~^^^^^
  File "/Users/curtdk/.pyenv/versions/3.13.12/lib/python3.13/site-packages/websockets/legacy/client.py", line 642, in __aenter__
    return await self
           ^^^^^^^^^^
  File "/Users/curtdk/.pyenv/versions/3.13.12/lib/python3.13/site-packages/websockets/legacy/client.py", line 659, in __await_impl_timeout__
    return await asyncio.wait_for(self.__await_impl__(), self.open_timeout)
           ^^^^^^^^^^^^^^^^^^^^^^^^^^^^^^^^^^^^^^^^^^^^^^^^^^^^^^^^^^^^^^^^
  File "/Users/curtdk/.pyenv/versions/3.13.12/lib/python3.13/asyncio/tasks.py", line 507, in wait_for
    return await fut
           ^^^^^^^^^
  File "/Users/curtdk/.pyenv/versions/3.13.12/lib/python3.13/site-packages/websockets/legacy/client.py", line 663, in __await_impl__
    _transport, _protocol = await self._create_connection()
                            ^^^^^^^^^^^^^^^^^^^^^^^^^^^^^^^
  File "uvloop/loop.pyx", line 2088, in create_connection
    raise
  File "uvloop/loop.pyx", line 2083, in uvloop.loop.Loop.create_connection
    await ssl_waiter
ConnectionResetError: [Errno 54] Connection reset by peer
2026-07-28 22:43:13,560 - app.services.trade_stream - ERROR - [实时流] 异常: [Errno 54] Connection reset by peer
Traceback (most recent call last):
  File "/Users/curtdk/.openclaw/workspace/fastapiGmgn/app/services/trade_stream.py", line 72, in _stream_loop
    async with websockets.connect(url) as ws:
               ~~~~~~~~~~~~~~~~~~^^^^^
  File "/Users/curtdk/.pyenv/versions/3.13.12/lib/python3.13/site-packages/websockets/legacy/client.py", line 642, in __aenter__
    return await self
           ^^^^^^^^^^
  File "/Users/curtdk/.pyenv/versions/3.13.12/lib/python3.13/site-packages/websockets/legacy/client.py", line 659, in __await_impl_timeout__
    return await asyncio.wait_for(self.__await_impl__(), self.open_timeout)
           ^^^^^^^^^^^^^^^^^^^^^^^^^^^^^^^^^^^^^^^^^^^^^^^^^^^^^^^^^^^^^^^^
  File "/Users/curtdk/.pyenv/versions/3.13.12/lib/python3.13/asyncio/tasks.py", line 507, in wait_for
    return await fut
           ^^^^^^^^^
  File "/Users/curtdk/.pyenv/versions/3.13.12/lib/python3.13/site-packages/websockets/legacy/client.py", line 663, in __await_impl__
    _transport, _protocol = await self._create_connection()
                            ^^^^^^^^^^^^^^^^^^^^^^^^^^^^^^^
  File "uvloop/loop.pyx", line 2088, in create_connection
    raise
  File "uvloop/loop.pyx", line 2083, in uvloop.loop.Loop.create_connection
    await ssl_waiter
ConnectionResetError: [Errno 54] Connection reset by peer
2026-07-28 22:43:16,674 - app.services.trade_stream - ERROR - [实时流] 异常: [Errno 54] Connection reset by peer
Traceback (most recent call last):
  File "/Users/curtdk/.openclaw/workspace/fastapiGmgn/app/services/trade_stream.py", line 72, in _stream_loop
    async with websockets.connect(url) as ws:
               ~~~~~~~~~~~~~~~~~~^^^^^
  File "/Users/curtdk/.pyenv/versions/3.13.12/lib/python3.13/site-packages/websockets/legacy/client.py", line 642, in __aenter__
    return await self
           ^^^^^^^^^^
  File "/Users/curtdk/.pyenv/versions/3.13.12/lib/python3.13/site-packages/websockets/legacy/client.py", line 659, in __await_impl_timeout__
    return await asyncio.wait_for(self.__await_impl__(), self.open_timeout)
           ^^^^^^^^^^^^^^^^^^^^^^^^^^^^^^^^^^^^^^^^^^^^^^^^^^^^^^^^^^^^^^^^
  File "/Users/curtdk/.pyenv/versions/3.13.12/lib/python3.13/asyncio/tasks.py", line 507, in wait_for
    return await fut
           ^^^^^^^^^
  File "/Users/curtdk/.pyenv/versions/3.13.12/lib/python3.13/site-packages/websockets/legacy/client.py", line 663, in __await_impl__
    _transport, _protocol = await self._create_connection()
                            ^^^^^^^^^^^^^^^^^^^^^^^^^^^^^^^
  File "uvloop/loop.pyx", line 2088, in create_connection
    raise
  File "uvloop/loop.pyx", line 2083, in uvloop.loop.Loop.create_connection
    await ssl_waiter
ConnectionResetError: [Errno 54] Connection reset by peer
2026-07-28 22:43:19,792 - app.services.trade_stream - ERROR - [实时流] 异常: [Errno 54] Connection reset by peer
Traceback (most recent call last):
  File "/Users/curtdk/.openclaw/workspace/fastapiGmgn/app/services/trade_stream.py", line 72, in _stream_loop
    async with websockets.connect(url) as ws:
               ~~~~~~~~~~~~~~~~~~^^^^^
  File "/Users/curtdk/.pyenv/versions/3.13.12/lib/python3.13/site-packages/websockets/legacy/client.py", line 642, in __aenter__
    return await self
           ^^^^^^^^^^
  File "/Users/curtdk/.pyenv/versions/3.13.12/lib/python3.13/site-packages/websockets/legacy/client.py", line 659, in __await_impl_timeout__
    return await asyncio.wait_for(self.__await_impl__(), self.open_timeout)
           ^^^^^^^^^^^^^^^^^^^^^^^^^^^^^^^^^^^^^^^^^^^^^^^^^^^^^^^^^^^^^^^^
  File "/Users/curtdk/.pyenv/versions/3.13.12/lib/python3.13/asyncio/tasks.py", line 507, in wait_for
    return await fut
           ^^^^^^^^^
  File "/Users/curtdk/.pyenv/versions/3.13.12/lib/python3.13/site-packages/websockets/legacy/client.py", line 663, in __await_impl__
    _transport, _protocol = await self._create_connection()
                            ^^^^^^^^^^^^^^^^^^^^^^^^^^^^^^^
  File "uvloop/loop.pyx", line 2088, in create_connection
    raise
  File "uvloop/loop.pyx", line 2083, in uvloop.loop.Loop.create_connection
    await ssl_waiter
ConnectionResetError: [Errno 54] Connection reset by peer
2026-07-28 22:43:22,897 - app.services.trade_stream - ERROR - [实时流] 异常: [Errno 54] Connection reset by peer
Traceback (most recent call last):
  File "/Users/curtdk/.openclaw/workspace/fastapiGmgn/app/services/trade_stream.py", line 72, in _stream_loop
    async with websockets.connect(url) as ws:
               ~~~~~~~~~~~~~~~~~~^^^^^
  File "/Users/curtdk/.pyenv/versions/3.13.12/lib/python3.13/site-packages/websockets/legacy/client.py", line 642, in __aenter__
    return await self
           ^^^^^^^^^^
  File "/Users/curtdk/.pyenv/versions/3.13.12/lib/python3.13/site-packages/websockets/legacy/client.py", line 659, in __await_impl_timeout__
    return await asyncio.wait_for(self.__await_impl__(), self.open_timeout)
           ^^^^^^^^^^^^^^^^^^^^^^^^^^^^^^^^^^^^^^^^^^^^^^^^^^^^^^^^^^^^^^^^
  File "/Users/curtdk/.pyenv/versions/3.13.12/lib/python3.13/asyncio/tasks.py", line 507, in wait_for
    return await fut
           ^^^^^^^^^
  File "/Users/curtdk/.pyenv/versions/3.13.12/lib/python3.13/site-packages/websockets/legacy/client.py", line 663, in __await_impl__
    _transport, _protocol = await self._create_connection()
                            ^^^^^^^^^^^^^^^^^^^^^^^^^^^^^^^
  File "uvloop/loop.pyx", line 2088, in create_connection
    raise
  File "uvloop/loop.pyx", line 2083, in uvloop.loop.Loop.create_connection
    await ssl_waiter
ConnectionResetError: [Errno 54] Connection reset by peer
2026-07-28 22:43:26,009 - app.services.trade_stream - ERROR - [实时流] 异常: [Errno 54] Connection reset by peer
Traceback (most recent call last):
  File "/Users/curtdk/.openclaw/workspace/fastapiGmgn/app/services/trade_stream.py", line 72, in _stream_loop
    async with websockets.connect(url) as ws:
               ~~~~~~~~~~~~~~~~~~^^^^^
  File "/Users/curtdk/.pyenv/versions/3.13.12/lib/python3.13/site-packages/websockets/legacy/client.py", line 642, in __aenter__
    return await self
           ^^^^^^^^^^
  File "/Users/curtdk/.pyenv/versions/3.13.12/lib/python3.13/site-packages/websockets/legacy/client.py", line 659, in __await_impl_timeout__
    return await asyncio.wait_for(self.__await_impl__(), self.open_timeout)
           ^^^^^^^^^^^^^^^^^^^^^^^^^^^^^^^^^^^^^^^^^^^^^^^^^^^^^^^^^^^^^^^^
  File "/Users/curtdk/.pyenv/versions/3.13.12/lib/python3.13/asyncio/tasks.py", line 507, in wait_for
    return await fut
           ^^^^^^^^^
  File "/Users/curtdk/.pyenv/versions/3.13.12/lib/python3.13/site-packages/websockets/legacy/client.py", line 663, in __await_impl__
    _transport, _protocol = await self._create_connection()
                            ^^^^^^^^^^^^^^^^^^^^^^^^^^^^^^^
  File "uvloop/loop.pyx", line 2088, in create_connection
    raise
  File "uvloop/loop.pyx", line 2083, in uvloop.loop.Loop.create_connection
    await ssl_waiter
ConnectionResetError: [Errno 54] Connection reset by peer
2026-07-28 22:43:29,124 - app.services.trade_stream - ERROR - [实时流] 异常: [Errno 54] Connection reset by peer
Traceback (most recent call last):
  File "/Users/curtdk/.openclaw/workspace/fastapiGmgn/app/services/trade_stream.py", line 72, in _stream_loop
    async with websockets.connect(url) as ws:
               ~~~~~~~~~~~~~~~~~~^^^^^
  File "/Users/curtdk/.pyenv/versions/3.13.12/lib/python3.13/site-packages/websockets/legacy/client.py", line 642, in __aenter__
    return await self
           ^^^^^^^^^^
  File "/Users/curtdk/.pyenv/versions/3.13.12/lib/python3.13/site-packages/websockets/legacy/client.py", line 659, in __await_impl_timeout__
    return await asyncio.wait_for(self.__await_impl__(), self.open_timeout)
           ^^^^^^^^^^^^^^^^^^^^^^^^^^^^^^^^^^^^^^^^^^^^^^^^^^^^^^^^^^^^^^^^
  File "/Users/curtdk/.pyenv/versions/3.13.12/lib/python3.13/asyncio/tasks.py", line 507, in wait_for
    return await fut
           ^^^^^^^^^
  File "/Users/curtdk/.pyenv/versions/3.13.12/lib/python3.13/site-packages/websockets/legacy/client.py", line 663, in __await_impl__
    _transport, _protocol = await self._create_connection()
                            ^^^^^^^^^^^^^^^^^^^^^^^^^^^^^^^
  File "uvloop/loop.pyx", line 2088, in create_connection
    raise
  File "uvloop/loop.pyx", line 2083, in uvloop.loop.Loop.create_connection
    await ssl_waiter
ConnectionResetError: [Errno 54] Connection reset by peer
2026-07-28 22:43:32,227 - app.services.trade_stream - ERROR - [实时流] 异常: [Errno 54] Connection reset by peer
Traceback (most recent call last):
  File "/Users/curtdk/.openclaw/workspace/fastapiGmgn/app/services/trade_stream.py", line 72, in _stream_loop
    async with websockets.connect(url) as ws:
               ~~~~~~~~~~~~~~~~~~^^^^^
  File "/Users/curtdk/.pyenv/versions/3.13.12/lib/python3.13/site-packages/websockets/legacy/client.py", line 642, in __aenter__
    return await self
           ^^^^^^^^^^
  File "/Users/curtdk/.pyenv/versions/3.13.12/lib/python3.13/site-packages/websockets/legacy/client.py", line 659, in __await_impl_timeout__
    return await asyncio.wait_for(self.__await_impl__(), self.open_timeout)
           ^^^^^^^^^^^^^^^^^^^^^^^^^^^^^^^^^^^^^^^^^^^^^^^^^^^^^^^^^^^^^^^^
  File "/Users/curtdk/.pyenv/versions/3.13.12/lib/python3.13/asyncio/tasks.py", line 507, in wait_for
    return await fut
           ^^^^^^^^^
  File "/Users/curtdk/.pyenv/versions/3.13.12/lib/python3.13/site-packages/websockets/legacy/client.py", line 663, in __await_impl__
    _transport, _protocol = await self._create_connection()
                            ^^^^^^^^^^^^^^^^^^^^^^^^^^^^^^^
  File "uvloop/loop.pyx", line 2088, in create_connection
    raise
  File "uvloop/loop.pyx", line 2083, in uvloop.loop.Loop.create_connection
    await ssl_waiter
ConnectionResetError: [Errno 54] Connection reset by peer
2026-07-28 22:43:35,328 - app.services.trade_stream - ERROR - [实时流] 异常: [Errno 54] Connection reset by peer
Traceback (most recent call last):
  File "/Users/curtdk/.openclaw/workspace/fastapiGmgn/app/services/trade_stream.py", line 72, in _stream_loop
    async with websockets.connect(url) as ws:
               ~~~~~~~~~~~~~~~~~~^^^^^
  File "/Users/curtdk/.pyenv/versions/3.13.12/lib/python3.13/site-packages/websockets/legacy/client.py", line 642, in __aenter__
    return await self
           ^^^^^^^^^^
  File "/Users/curtdk/.pyenv/versions/3.13.12/lib/python3.13/site-packages/websockets/legacy/client.py", line 659, in __await_impl_timeout__
    return await asyncio.wait_for(self.__await_impl__(), self.open_timeout)
           ^^^^^^^^^^^^^^^^^^^^^^^^^^^^^^^^^^^^^^^^^^^^^^^^^^^^^^^^^^^^^^^^
  File "/Users/curtdk/.pyenv/versions/3.13.12/lib/python3.13/asyncio/tasks.py", line 507, in wait_for
    return await fut
           ^^^^^^^^^
  File "/Users/curtdk/.pyenv/versions/3.13.12/lib/python3.13/site-packages/websockets/legacy/client.py", line 663, in __await_impl__
    _transport, _protocol = await self._create_connection()
                            ^^^^^^^^^^^^^^^^^^^^^^^^^^^^^^^
  File "uvloop/loop.pyx", line 2088, in create_connection
    raise
  File "uvloop/loop.pyx", line 2083, in uvloop.loop.Loop.create_connection
    await ssl_waiter
ConnectionResetError: [Errno 54] Connection reset by peer
2026-07-28 22:43:38,429 - app.services.trade_stream - ERROR - [实时流] 异常: [Errno 54] Connection reset by peer
Traceback (most recent call last):
  File "/Users/curtdk/.openclaw/workspace/fastapiGmgn/app/services/trade_stream.py", line 72, in _stream_loop
    async with websockets.connect(url) as ws:
               ~~~~~~~~~~~~~~~~~~^^^^^
  File "/Users/curtdk/.pyenv/versions/3.13.12/lib/python3.13/site-packages/websockets/legacy/client.py", line 642, in __aenter__
    return await self
           ^^^^^^^^^^
  File "/Users/curtdk/.pyenv/versions/3.13.12/lib/python3.13/site-packages/websockets/legacy/client.py", line 659, in __await_impl_timeout__
    return await asyncio.wait_for(self.__await_impl__(), self.open_timeout)
           ^^^^^^^^^^^^^^^^^^^^^^^^^^^^^^^^^^^^^^^^^^^^^^^^^^^^^^^^^^^^^^^^
  File "/Users/curtdk/.pyenv/versions/3.13.12/lib/python3.13/asyncio/tasks.py", line 507, in wait_for
    return await fut
           ^^^^^^^^^
  File "/Users/curtdk/.pyenv/versions/3.13.12/lib/python3.13/site-packages/websockets/legacy/client.py", line 663, in __await_impl__
    _transport, _protocol = await self._create_connection()
                            ^^^^^^^^^^^^^^^^^^^^^^^^^^^^^^^
  File "uvloop/loop.pyx", line 2088, in create_connection
    raise
  File "uvloop/loop.pyx", line 2083, in uvloop.loop.Loop.create_connection
    await ssl_waiter
ConnectionResetError: [Errno 54] Connection reset by peer
2026-07-28 22:43:41,535 - app.services.trade_stream - ERROR - [实时流] 异常: [Errno 54] Connection reset by peer
Traceback (most recent call last):
  File "/Users/curtdk/.openclaw/workspace/fastapiGmgn/app/services/trade_stream.py", line 72, in _stream_loop
    async with websockets.connect(url) as ws:
               ~~~~~~~~~~~~~~~~~~^^^^^
  File "/Users/curtdk/.pyenv/versions/3.13.12/lib/python3.13/site-packages/websockets/legacy/client.py", line 642, in __aenter__
    return await self
           ^^^^^^^^^^
  File "/Users/curtdk/.pyenv/versions/3.13.12/lib/python3.13/site-packages/websockets/legacy/client.py", line 659, in __await_impl_timeout__
    return await asyncio.wait_for(self.__await_impl__(), self.open_timeout)
           ^^^^^^^^^^^^^^^^^^^^^^^^^^^^^^^^^^^^^^^^^^^^^^^^^^^^^^^^^^^^^^^^
  File "/Users/curtdk/.pyenv/versions/3.13.12/lib/python3.13/asyncio/tasks.py", line 507, in wait_for
    return await fut
           ^^^^^^^^^
  File "/Users/curtdk/.pyenv/versions/3.13.12/lib/python3.13/site-packages/websockets/legacy/client.py", line 663, in __await_impl__
    _transport, _protocol = await self._create_connection()
                            ^^^^^^^^^^^^^^^^^^^^^^^^^^^^^^^
  File "uvloop/loop.pyx", line 2088, in create_connection
    raise
  File "uvloop/loop.pyx", line 2083, in uvloop.loop.Loop.create_connection
    await ssl_waiter
ConnectionResetError: [Errno 54] Connection reset by peer
2026-07-28 22:43:44,638 - app.services.trade_stream - ERROR - [实时流] 异常: [Errno 54] Connection reset by peer
Traceback (most recent call last):
  File "/Users/curtdk/.openclaw/workspace/fastapiGmgn/app/services/trade_stream.py", line 72, in _stream_loop
    async with websockets.connect(url) as ws:
               ~~~~~~~~~~~~~~~~~~^^^^^
  File "/Users/curtdk/.pyenv/versions/3.13.12/lib/python3.13/site-packages/websockets/legacy/client.py", line 642, in __aenter__
    return await self
           ^^^^^^^^^^
  File "/Users/curtdk/.pyenv/versions/3.13.12/lib/python3.13/site-packages/websockets/legacy/client.py", line 659, in __await_impl_timeout__
    return await asyncio.wait_for(self.__await_impl__(), self.open_timeout)
           ^^^^^^^^^^^^^^^^^^^^^^^^^^^^^^^^^^^^^^^^^^^^^^^^^^^^^^^^^^^^^^^^
  File "/Users/curtdk/.pyenv/versions/3.13.12/lib/python3.13/asyncio/tasks.py", line 507, in wait_for
    return await fut
           ^^^^^^^^^
  File "/Users/curtdk/.pyenv/versions/3.13.12/lib/python3.13/site-packages/websockets/legacy/client.py", line 663, in __await_impl__
    _transport, _protocol = await self._create_connection()
                            ^^^^^^^^^^^^^^^^^^^^^^^^^^^^^^^
  File "uvloop/loop.pyx", line 2088, in create_connection
    raise
  File "uvloop/loop.pyx", line 2083, in uvloop.loop.Loop.create_connection
    await ssl_waiter
ConnectionResetError: [Errno 54] Connection reset by peer
2026-07-28 22:43:47,758 - app.services.trade_stream - ERROR - [实时流] 异常: [Errno 54] Connection reset by peer
Traceback (most recent call last):
  File "/Users/curtdk/.openclaw/workspace/fastapiGmgn/app/services/trade_stream.py", line 72, in _stream_loop
    async with websockets.connect(url) as ws:
               ~~~~~~~~~~~~~~~~~~^^^^^
  File "/Users/curtdk/.pyenv/versions/3.13.12/lib/python3.13/site-packages/websockets/legacy/client.py", line 642, in __aenter__
    return await self
           ^^^^^^^^^^
  File "/Users/curtdk/.pyenv/versions/3.13.12/lib/python3.13/site-packages/websockets/legacy/client.py", line 659, in __await_impl_timeout__
    return await asyncio.wait_for(self.__await_impl__(), self.open_timeout)
           ^^^^^^^^^^^^^^^^^^^^^^^^^^^^^^^^^^^^^^^^^^^^^^^^^^^^^^^^^^^^^^^^
  File "/Users/curtdk/.pyenv/versions/3.13.12/lib/python3.13/asyncio/tasks.py", line 507, in wait_for
    return await fut
           ^^^^^^^^^
  File "/Users/curtdk/.pyenv/versions/3.13.12/lib/python3.13/site-packages/websockets/legacy/client.py", line 663, in __await_impl__
    _transport, _protocol = await self._create_connection()
                            ^^^^^^^^^^^^^^^^^^^^^^^^^^^^^^^
  File "uvloop/loop.pyx", line 2088, in create_connection
    raise
  File "uvloop/loop.pyx", line 2083, in uvloop.loop.Loop.create_connection
    await ssl_waiter
ConnectionResetError: [Errno 54] Connection reset by peer
2026-07-28 22:43:50,866 - app.services.trade_stream - ERROR - [实时流] 异常: [Errno 54] Connection reset by peer
Traceback (most recent call last):
  File "/Users/curtdk/.openclaw/workspace/fastapiGmgn/app/services/trade_stream.py", line 72, in _stream_loop
    async with websockets.connect(url) as ws:
               ~~~~~~~~~~~~~~~~~~^^^^^
  File "/Users/curtdk/.pyenv/versions/3.13.12/lib/python3.13/site-packages/websockets/legacy/client.py", line 642, in __aenter__
    return await self
           ^^^^^^^^^^
  File "/Users/curtdk/.pyenv/versions/3.13.12/lib/python3.13/site-packages/websockets/legacy/client.py", line 659, in __await_impl_timeout__
    return await asyncio.wait_for(self.__await_impl__(), self.open_timeout)
           ^^^^^^^^^^^^^^^^^^^^^^^^^^^^^^^^^^^^^^^^^^^^^^^^^^^^^^^^^^^^^^^^
  File "/Users/curtdk/.pyenv/versions/3.13.12/lib/python3.13/asyncio/tasks.py", line 507, in wait_for
    return await fut
           ^^^^^^^^^
  File "/Users/curtdk/.pyenv/versions/3.13.12/lib/python3.13/site-packages/websockets/legacy/client.py", line 663, in __await_impl__
    _transport, _protocol = await self._create_connection()
                            ^^^^^^^^^^^^^^^^^^^^^^^^^^^^^^^
  File "uvloop/loop.pyx", line 2088, in create_connection
    raise
  File "uvloop/loop.pyx", line 2083, in uvloop.loop.Loop.create_connection
    await ssl_waiter
ConnectionResetError: [Errno 54] Connection reset by peer
2026-07-28 22:43:53,988 - app.services.trade_stream - ERROR - [实时流] 异常: [Errno 54] Connection reset by peer
Traceback (most recent call last):
  File "/Users/curtdk/.openclaw/workspace/fastapiGmgn/app/services/trade_stream.py", line 72, in _stream_loop
    async with websockets.connect(url) as ws:
               ~~~~~~~~~~~~~~~~~~^^^^^
  File "/Users/curtdk/.pyenv/versions/3.13.12/lib/python3.13/site-packages/websockets/legacy/client.py", line 642, in __aenter__
    return await self
           ^^^^^^^^^^
  File "/Users/curtdk/.pyenv/versions/3.13.12/lib/python3.13/site-packages/websockets/legacy/client.py", line 659, in __await_impl_timeout__
    return await asyncio.wait_for(self.__await_impl__(), self.open_timeout)
           ^^^^^^^^^^^^^^^^^^^^^^^^^^^^^^^^^^^^^^^^^^^^^^^^^^^^^^^^^^^^^^^^
  File "/Users/curtdk/.pyenv/versions/3.13.12/lib/python3.13/asyncio/tasks.py", line 507, in wait_for
    return await fut
           ^^^^^^^^^
  File "/Users/curtdk/.pyenv/versions/3.13.12/lib/python3.13/site-packages/websockets/legacy/client.py", line 663, in __await_impl__
    _transport, _protocol = await self._create_connection()
                            ^^^^^^^^^^^^^^^^^^^^^^^^^^^^^^^
  File "uvloop/loop.pyx", line 2088, in create_connection
    raise
  File "uvloop/loop.pyx", line 2083, in uvloop.loop.Loop.create_connection
    await ssl_waiter
ConnectionResetError: [Errno 54] Connection reset by peer
2026-07-28 22:43:57,104 - app.services.trade_stream - ERROR - [实时流] 异常: [Errno 54] Connection reset by peer
Traceback (most recent call last):
  File "/Users/curtdk/.openclaw/workspace/fastapiGmgn/app/services/trade_stream.py", line 72, in _stream_loop
    async with websockets.connect(url) as ws:
               ~~~~~~~~~~~~~~~~~~^^^^^
  File "/Users/curtdk/.pyenv/versions/3.13.12/lib/python3.13/site-packages/websockets/legacy/client.py", line 642, in __aenter__
    return await self
           ^^^^^^^^^^
  File "/Users/curtdk/.pyenv/versions/3.13.12/lib/python3.13/site-packages/websockets/legacy/client.py", line 659, in __await_impl_timeout__
    return await asyncio.wait_for(self.__await_impl__(), self.open_timeout)
           ^^^^^^^^^^^^^^^^^^^^^^^^^^^^^^^^^^^^^^^^^^^^^^^^^^^^^^^^^^^^^^^^
  File "/Users/curtdk/.pyenv/versions/3.13.12/lib/python3.13/asyncio/tasks.py", line 507, in wait_for
    return await fut
           ^^^^^^^^^
  File "/Users/curtdk/.pyenv/versions/3.13.12/lib/python3.13/site-packages/websockets/legacy/client.py", line 663, in __await_impl__
    _transport, _protocol = await self._create_connection()
                            ^^^^^^^^^^^^^^^^^^^^^^^^^^^^^^^
  File "uvloop/loop.pyx", line 2088, in create_connection
    raise
  File "uvloop/loop.pyx", line 2083, in uvloop.loop.Loop.create_connection
    await ssl_waiter
ConnectionResetError: [Errno 54] Connection reset by peer
2026-07-28 22:44:00,218 - app.services.trade_stream - ERROR - [实时流] 异常: [Errno 54] Connection reset by peer
Traceback (most recent call last):
  File "/Users/curtdk/.openclaw/workspace/fastapiGmgn/app/services/trade_stream.py", line 72, in _stream_loop
    async with websockets.connect(url) as ws:
               ~~~~~~~~~~~~~~~~~~^^^^^
  File "/Users/curtdk/.pyenv/versions/3.13.12/lib/python3.13/site-packages/websockets/legacy/client.py", line 642, in __aenter__
    return await self
           ^^^^^^^^^^
  File "/Users/curtdk/.pyenv/versions/3.13.12/lib/python3.13/site-packages/websockets/legacy/client.py", line 659, in __await_impl_timeout__
    return await asyncio.wait_for(self.__await_impl__(), self.open_timeout)
           ^^^^^^^^^^^^^^^^^^^^^^^^^^^^^^^^^^^^^^^^^^^^^^^^^^^^^^^^^^^^^^^^
  File "/Users/curtdk/.pyenv/versions/3.13.12/lib/python3.13/asyncio/tasks.py", line 507, in wait_for
    return await fut
           ^^^^^^^^^
  File "/Users/curtdk/.pyenv/versions/3.13.12/lib/python3.13/site-packages/websockets/legacy/client.py", line 663, in __await_impl__
    _transport, _protocol = await self._create_connection()
                            ^^^^^^^^^^^^^^^^^^^^^^^^^^^^^^^
  File "uvloop/loop.pyx", line 2088, in create_connection
    raise
  File "uvloop/loop.pyx", line 2083, in uvloop.loop.Loop.create_connection
    await ssl_waiter
ConnectionResetError: [Errno 54] Connection reset by peer
2026-07-28 22:44:03,320 - app.services.trade_stream - ERROR - [实时流] 异常: [Errno 54] Connection reset by peer
Traceback (most recent call last):
  File "/Users/curtdk/.openclaw/workspace/fastapiGmgn/app/services/trade_stream.py", line 72, in _stream_loop
    async with websockets.connect(url) as ws:
               ~~~~~~~~~~~~~~~~~~^^^^^
  File "/Users/curtdk/.pyenv/versions/3.13.12/lib/python3.13/site-packages/websockets/legacy/client.py", line 642, in __aenter__
    return await self
           ^^^^^^^^^^
  File "/Users/curtdk/.pyenv/versions/3.13.12/lib/python3.13/site-packages/websockets/legacy/client.py", line 659, in __await_impl_timeout__
    return await asyncio.wait_for(self.__await_impl__(), self.open_timeout)
           ^^^^^^^^^^^^^^^^^^^^^^^^^^^^^^^^^^^^^^^^^^^^^^^^^^^^^^^^^^^^^^^^
  File "/Users/curtdk/.pyenv/versions/3.13.12/lib/python3.13/asyncio/tasks.py", line 507, in wait_for
    return await fut
           ^^^^^^^^^
  File "/Users/curtdk/.pyenv/versions/3.13.12/lib/python3.13/site-packages/websockets/legacy/client.py", line 663, in __await_impl__
    _transport, _protocol = await self._create_connection()
                            ^^^^^^^^^^^^^^^^^^^^^^^^^^^^^^^
  File "uvloop/loop.pyx", line 2088, in create_connection
    raise
  File "uvloop/loop.pyx", line 2083, in uvloop.loop.Loop.create_connection
    await ssl_waiter
ConnectionResetError: [Errno 54] Connection reset by peer
2026-07-28 22:44:06,424 - app.services.trade_stream - ERROR - [实时流] 异常: [Errno 54] Connection reset by peer
Traceback (most recent call last):
  File "/Users/curtdk/.openclaw/workspace/fastapiGmgn/app/services/trade_stream.py", line 72, in _stream_loop
    async with websockets.connect(url) as ws:
               ~~~~~~~~~~~~~~~~~~^^^^^
  File "/Users/curtdk/.pyenv/versions/3.13.12/lib/python3.13/site-packages/websockets/legacy/client.py", line 642, in __aenter__
    return await self
           ^^^^^^^^^^
  File "/Users/curtdk/.pyenv/versions/3.13.12/lib/python3.13/site-packages/websockets/legacy/client.py", line 659, in __await_impl_timeout__
    return await asyncio.wait_for(self.__await_impl__(), self.open_timeout)
           ^^^^^^^^^^^^^^^^^^^^^^^^^^^^^^^^^^^^^^^^^^^^^^^^^^^^^^^^^^^^^^^^
  File "/Users/curtdk/.pyenv/versions/3.13.12/lib/python3.13/asyncio/tasks.py", line 507, in wait_for
    return await fut
           ^^^^^^^^^
  File "/Users/curtdk/.pyenv/versions/3.13.12/lib/python3.13/site-packages/websockets/legacy/client.py", line 663, in __await_impl__
    _transport, _protocol = await self._create_connection()
                            ^^^^^^^^^^^^^^^^^^^^^^^^^^^^^^^
  File "uvloop/loop.pyx", line 2088, in create_connection
    raise
  File "uvloop/loop.pyx", line 2083, in uvloop.loop.Loop.create_connection
    await ssl_waiter
ConnectionResetError: [Errno 54] Connection reset by peer
2026-07-28 22:44:09,536 - app.services.trade_stream - ERROR - [实时流] 异常: [Errno 54] Connection reset by peer
Traceback (most recent call last):
  File "/Users/curtdk/.openclaw/workspace/fastapiGmgn/app/services/trade_stream.py", line 72, in _stream_loop
    async with websockets.connect(url) as ws:
               ~~~~~~~~~~~~~~~~~~^^^^^
  File "/Users/curtdk/.pyenv/versions/3.13.12/lib/python3.13/site-packages/websockets/legacy/client.py", line 642, in __aenter__
    return await self
           ^^^^^^^^^^
  File "/Users/curtdk/.pyenv/versions/3.13.12/lib/python3.13/site-packages/websockets/legacy/client.py", line 659, in __await_impl_timeout__
    return await asyncio.wait_for(self.__await_impl__(), self.open_timeout)
           ^^^^^^^^^^^^^^^^^^^^^^^^^^^^^^^^^^^^^^^^^^^^^^^^^^^^^^^^^^^^^^^^
  File "/Users/curtdk/.pyenv/versions/3.13.12/lib/python3.13/asyncio/tasks.py", line 507, in wait_for
    return await fut
           ^^^^^^^^^
  File "/Users/curtdk/.pyenv/versions/3.13.12/lib/python3.13/site-packages/websockets/legacy/client.py", line 663, in __await_impl__
    _transport, _protocol = await self._create_connection()
                            ^^^^^^^^^^^^^^^^^^^^^^^^^^^^^^^
  File "uvloop/loop.pyx", line 2088, in create_connection
    raise
  File "uvloop/loop.pyx", line 2083, in uvloop.loop.Loop.create_connection
    await ssl_waiter
ConnectionResetError: [Errno 54] Connection reset by peer
2026-07-28 22:44:12,653 - app.services.trade_stream - ERROR - [实时流] 异常: [Errno 54] Connection reset by peer
Traceback (most recent call last):
  File "/Users/curtdk/.openclaw/workspace/fastapiGmgn/app/services/trade_stream.py", line 72, in _stream_loop
    async with websockets.connect(url) as ws:
               ~~~~~~~~~~~~~~~~~~^^^^^
  File "/Users/curtdk/.pyenv/versions/3.13.12/lib/python3.13/site-packages/websockets/legacy/client.py", line 642, in __aenter__
    return await self
           ^^^^^^^^^^
  File "/Users/curtdk/.pyenv/versions/3.13.12/lib/python3.13/site-packages/websockets/legacy/client.py", line 659, in __await_impl_timeout__
    return await asyncio.wait_for(self.__await_impl__(), self.open_timeout)
           ^^^^^^^^^^^^^^^^^^^^^^^^^^^^^^^^^^^^^^^^^^^^^^^^^^^^^^^^^^^^^^^^
  File "/Users/curtdk/.pyenv/versions/3.13.12/lib/python3.13/asyncio/tasks.py", line 507, in wait_for
    return await fut
           ^^^^^^^^^
  File "/Users/curtdk/.pyenv/versions/3.13.12/lib/python3.13/site-packages/websockets/legacy/client.py", line 663, in __await_impl__
    _transport, _protocol = await self._create_connection()
                            ^^^^^^^^^^^^^^^^^^^^^^^^^^^^^^^
  File "uvloop/loop.pyx", line 2088, in create_connection
    raise
  File "uvloop/loop.pyx", line 2083, in uvloop.loop.Loop.create_connection
    await ssl_waiter
ConnectionResetError: [Errno 54] Connection reset by peer
2026-07-28 22:44:15,774 - app.services.trade_stream - ERROR - [实时流] 异常: [Errno 54] Connection reset by peer
Traceback (most recent call last):
  File "/Users/curtdk/.openclaw/workspace/fastapiGmgn/app/services/trade_stream.py", line 72, in _stream_loop
    async with websockets.connect(url) as ws:
               ~~~~~~~~~~~~~~~~~~^^^^^
  File "/Users/curtdk/.pyenv/versions/3.13.12/lib/python3.13/site-packages/websockets/legacy/client.py", line 642, in __aenter__
    return await self
           ^^^^^^^^^^
  File "/Users/curtdk/.pyenv/versions/3.13.12/lib/python3.13/site-packages/websockets/legacy/client.py", line 659, in __await_impl_timeout__
    return await asyncio.wait_for(self.__await_impl__(), self.open_timeout)
           ^^^^^^^^^^^^^^^^^^^^^^^^^^^^^^^^^^^^^^^^^^^^^^^^^^^^^^^^^^^^^^^^
  File "/Users/curtdk/.pyenv/versions/3.13.12/lib/python3.13/asyncio/tasks.py", line 507, in wait_for
    return await fut
           ^^^^^^^^^
  File "/Users/curtdk/.pyenv/versions/3.13.12/lib/python3.13/site-packages/websockets/legacy/client.py", line 663, in __await_impl__
    _transport, _protocol = await self._create_connection()
                            ^^^^^^^^^^^^^^^^^^^^^^^^^^^^^^^
  File "uvloop/loop.pyx", line 2088, in create_connection
    raise
  File "uvloop/loop.pyx", line 2083, in uvloop.loop.Loop.create_connection
    await ssl_waiter
ConnectionResetError: [Errno 54] Connection reset by peer
2026-07-28 22:44:28,779 - app.services.trade_stream - ERROR - [实时流] 异常: 
Traceback (most recent call last):
  File "/Users/curtdk/.pyenv/versions/3.13.12/lib/python3.13/asyncio/tasks.py", line 507, in wait_for
    return await fut
           ^^^^^^^^^
  File "/Users/curtdk/.pyenv/versions/3.13.12/lib/python3.13/site-packages/websockets/legacy/client.py", line 663, in __await_impl__
    _transport, _protocol = await self._create_connection()
                            ^^^^^^^^^^^^^^^^^^^^^^^^^^^^^^^
  File "uvloop/loop.pyx", line 2033, in create_connection
    raise
  File "uvloop/loop.pyx", line 2020, in uvloop.loop.Loop.create_connection
    await waiter
asyncio.exceptions.CancelledError

The above exception was the direct cause of the following exception:

Traceback (most recent call last):
  File "/Users/curtdk/.openclaw/workspace/fastapiGmgn/app/services/trade_stream.py", line 72, in _stream_loop
    async with websockets.connect(url) as ws:
               ~~~~~~~~~~~~~~~~~~^^^^^
  File "/Users/curtdk/.pyenv/versions/3.13.12/lib/python3.13/site-packages/websockets/legacy/client.py", line 642, in __aenter__
    return await self
           ^^^^^^^^^^
  File "/Users/curtdk/.pyenv/versions/3.13.12/lib/python3.13/site-packages/websockets/legacy/client.py", line 659, in __await_impl_timeout__
    return await asyncio.wait_for(self.__await_impl__(), self.open_timeout)
           ^^^^^^^^^^^^^^^^^^^^^^^^^^^^^^^^^^^^^^^^^^^^^^^^^^^^^^^^^^^^^^^^
  File "/Users/curtdk/.pyenv/versions/3.13.12/lib/python3.13/asyncio/tasks.py", line 506, in wait_for
    async with timeouts.timeout(timeout):
               ~~~~~~~~~~~~~~~~^^^^^^^^^
  File "/Users/curtdk/.pyenv/versions/3.13.12/lib/python3.13/asyncio/timeouts.py", line 116, in __aexit__
    raise TimeoutError from exc_val
TimeoutError
2026-07-28 22:44:32,533 - app.services.trade_stream - INFO - [实时流] 已发送订阅请求: 6hbhfirogLvE5cGL6ArorujeinuFe5tx8odfXdLwpump
2026-07-28 22:44:32,774 - app.services.trade_stream - INFO - [实时流] 订阅确认: {"jsonrpc":"2.0","id":1,"error":{"code":-32600,"message":"transactionSubscribe is not available on the free plan"}}
2026-07-29 08:24:34,517 - app.services.trade_stream - WARNING - [实时流] 连接断开，尝试重连...
2026-07-29 08:24:37,665 - app.services.trade_stream - ERROR - [实时流] 异常: [Errno 54] Connection reset by peer
Traceback (most recent call last):
  File "/Users/curtdk/.openclaw/workspace/fastapiGmgn/app/services/trade_stream.py", line 72, in _stream_loop
    async with websockets.connect(url) as ws:
               ~~~~~~~~~~~~~~~~~~^^^^^
  File "/Users/curtdk/.pyenv/versions/3.13.12/lib/python3.13/site-packages/websockets/legacy/client.py", line 642, in __aenter__
    return await self
           ^^^^^^^^^^
  File "/Users/curtdk/.pyenv/versions/3.13.12/lib/python3.13/site-packages/websockets/legacy/client.py", line 659, in __await_impl_timeout__
    return await asyncio.wait_for(self.__await_impl__(), self.open_timeout)
           ^^^^^^^^^^^^^^^^^^^^^^^^^^^^^^^^^^^^^^^^^^^^^^^^^^^^^^^^^^^^^^^^
  File "/Users/curtdk/.pyenv/versions/3.13.12/lib/python3.13/asyncio/tasks.py", line 507, in wait_for
    return await fut
           ^^^^^^^^^
  File "/Users/curtdk/.pyenv/versions/3.13.12/lib/python3.13/site-packages/websockets/legacy/client.py", line 663, in __await_impl__
    _transport, _protocol = await self._create_connection()
                            ^^^^^^^^^^^^^^^^^^^^^^^^^^^^^^^
  File "uvloop/loop.pyx", line 2088, in create_connection
    raise
  File "uvloop/loop.pyx", line 2083, in uvloop.loop.Loop.create_connection
    await ssl_waiter
ConnectionResetError: [Errno 54] Connection reset by peer
2026-07-29 08:24:41,309 - app.services.trade_stream - INFO - [实时流] 已发送订阅请求: 6hbhfirogLvE5cGL6ArorujeinuFe5tx8odfXdLwpump
2026-07-29 08:24:41,553 - app.services.trade_stream - INFO - [实时流] 订阅确认: {"jsonrpc":"2.0","id":1,"error":{"code":-32600,"message":"transactionSubscribe is not available on the free plan"}}
2026-07-29 08:39:45,164 - app.services.trade_stream - WARNING - [实时流] 连接断开，尝试重连...
2026-07-29 08:39:48,293 - app.services.trade_stream - ERROR - [实时流] 异常: [Errno 54] Connection reset by peer
Traceback (most recent call last):
  File "/Users/curtdk/.openclaw/workspace/fastapiGmgn/app/services/trade_stream.py", line 72, in _stream_loop
    async with websockets.connect(url) as ws:
               ~~~~~~~~~~~~~~~~~~^^^^^
  File "/Users/curtdk/.pyenv/versions/3.13.12/lib/python3.13/site-packages/websockets/legacy/client.py", line 642, in __aenter__
    return await self
           ^^^^^^^^^^
  File "/Users/curtdk/.pyenv/versions/3.13.12/lib/python3.13/site-packages/websockets/legacy/client.py", line 659, in __await_impl_timeout__
    return await asyncio.wait_for(self.__await_impl__(), self.open_timeout)
           ^^^^^^^^^^^^^^^^^^^^^^^^^^^^^^^^^^^^^^^^^^^^^^^^^^^^^^^^^^^^^^^^
  File "/Users/curtdk/.pyenv/versions/3.13.12/lib/python3.13/asyncio/tasks.py", line 507, in wait_for
    return await fut
           ^^^^^^^^^
  File "/Users/curtdk/.pyenv/versions/3.13.12/lib/python3.13/site-packages/websockets/legacy/client.py", line 663, in __await_impl__
    _transport, _protocol = await self._create_connection()
                            ^^^^^^^^^^^^^^^^^^^^^^^^^^^^^^^
  File "uvloop/loop.pyx", line 2088, in create_connection
    raise
  File "uvloop/loop.pyx", line 2083, in uvloop.loop.Loop.create_connection
    await ssl_waiter
ConnectionResetError: [Errno 54] Connection reset by peer
2026-07-29 08:39:51,750 - app.services.trade_stream - INFO - [实时流] 已发送订阅请求: 6hbhfirogLvE5cGL6ArorujeinuFe5tx8odfXdLwpump
2026-07-29 08:39:51,987 - app.services.trade_stream - INFO - [实时流] 订阅确认: {"jsonrpc":"2.0","id":1,"error":{"code":-32600,"message":"transactionSubscribe is not available on the free plan"}}
2026-07-29 09:18:06,709 - main - INFO - Admin user already exists
2026-07-29 09:18:06,735 - app.services.settings_service - INFO - 默认设置初始化完成
2026-07-29 09:18:06,759 - app.services.dealer_detector - INFO - [庄家判定] Redis 连接成功
2026-07-29 09:18:06,760 - app.services.dealer_detector - INFO - [庄家判定] 队列已就绪，等待首次触发
2026-07-29 09:18:06,762 - app.services.cluster.redis_keys - INFO - [cluster:redis] Redis 连接成功
2026-07-29 09:18:06,762 - main - INFO - 服务已启动
2026-07-29 09:18:06,785 - app.services.settings_service - INFO - 默认设置初始化完成
2026-07-29 09:24:58,373 - app.services.trade_stream - INFO - [实时流] 启动: 6hbhfirogLvE5cGL6ArorujeinuFe5tx8odfXdLwpump
2026-07-29 09:25:30,663 - app.services.trade_backfill - INFO - [回填] 广播模式: 2 (测试模式-全部广播)
2026-07-29 09:25:33,696 - app.services.trade_backfill - INFO - [回填] 模式2：从 Redis 读取已有交易，不调 API
2026-07-29 09:28:46,967 - app.websocket.manager - INFO - [WS] 新连接: mint=6hbhfirogLvE5cGL6ArorujeinuFe5tx8odfXdLwpump, 当前连接数=1
2026-07-29 09:28:46,976 - app.websocket.manager - INFO - [WS] 断开连接: mint=6hbhfirogLvE5cGL6ArorujeinuFe5tx8odfXdLwpump
2026-07-29 09:28:46,980 - app.websocket.manager - INFO - [WS] 新连接: mint=6hbhfirogLvE5cGL6ArorujeinuFe5tx8odfXdLwpump, 当前连接数=1
2026-07-29 09:28:47,003 - app.services.tx_redis - INFO - [tx_redis] Redis 连接成功
2026-07-29 09:28:47,008 - app.services.cluster.redis_keys - INFO - [cluster:redis:sync] 同步 Redis 连接已创建
2026-07-29 09:30:29,062 - app.services.trade_processor - INFO - [全量计算] 开始计算 mint=6hbhfirogLvE5cGL6ArorujeinuFe5tx8odfXdLwpump
2026-07-29 09:31:14,852 - app.services.trade_stream - ERROR - [实时流] 异常: timed out during opening handshake
Traceback (most recent call last):
  File "/Users/curtdk/.openclaw/workspace/fastapiGmgn/venv/lib/python3.9/site-packages/websockets/asyncio/client.py", line 541, in __await_impl__
    self.connection = await self.create_connection()
  File "/Users/curtdk/.openclaw/workspace/fastapiGmgn/venv/lib/python3.9/site-packages/websockets/asyncio/client.py", line 453, in create_connection
    new_transport = await loop.start_tls(
  File "uvloop/loop.pyx", line 1639, in start_tls
  File "uvloop/loop.pyx", line 1632, in uvloop.loop.Loop.start_tls
asyncio.exceptions.CancelledError

During handling of the above exception, another exception occurred:

Traceback (most recent call last):
  File "/Users/curtdk/.openclaw/workspace/fastapiGmgn/venv/lib/python3.9/site-packages/websockets/asyncio/client.py", line 574, in __await_impl__
    raise SecurityError(f"more than {MAX_REDIRECTS} redirects")
  File "/Users/curtdk/.openclaw/workspace/fastapiGmgn/venv/lib/python3.9/site-packages/websockets/asyncio/async_timeout.py", line 181, in __aexit__
    self._do_exit(exc_type)
  File "/Users/curtdk/.openclaw/workspace/fastapiGmgn/venv/lib/python3.9/site-packages/websockets/asyncio/async_timeout.py", line 268, in _do_exit
    raise asyncio.TimeoutError
asyncio.exceptions.TimeoutError

The above exception was the direct cause of the following exception:

Traceback (most recent call last):
  File "/Users/curtdk/.openclaw/workspace/fastapiGmgn/app/services/trade_stream.py", line 72, in _stream_loop
    async with websockets.connect(url) as ws:
  File "/Users/curtdk/.openclaw/workspace/fastapiGmgn/venv/lib/python3.9/site-packages/websockets/asyncio/client.py", line 587, in __aenter__
    return await self
  File "/Users/curtdk/.openclaw/workspace/fastapiGmgn/venv/lib/python3.9/site-packages/websockets/asyncio/client.py", line 578, in __await_impl__
    raise TimeoutError("timed out during opening handshake") from exc
asyncio.exceptions.TimeoutError: timed out during opening handshake
2026-07-29 09:31:14,871 - asyncio - ERROR - Exception in callback <bound method Connection.connection_lost of <websockets.asyncio.client.ClientConnection object at 0x10baf9430>>
handle: <Handle Connection.connection_lost>
Traceback (most recent call last):
  File "uvloop/cbhandles.pyx", line 63, in uvloop.loop.Handle._run
  File "/Users/curtdk/.openclaw/workspace/fastapiGmgn/venv/lib/python3.9/site-packages/websockets/asyncio/connection.py", line 1018, in connection_lost
    self.recv_messages.close()
AttributeError: 'ClientConnection' object has no attribute 'recv_messages'
2026-07-29 09:31:58,115 - app.services.trade_processor - INFO - [全量计算] 共 25 条历史交易待处理 (ws 实时由消费者处理)
2026-07-29 09:33:04,195 - app.services.trade_processor - INFO - ======================================================
2026-07-29 09:33:04,196 - app.services.trade_processor - INFO - 📊 [指数计算] mint=6hbhfiro... sig=WfA5mjXHXSitnSYzhbRomGkMuJ9zufk2zSmY8YRF7XkDarnGnfd6jKQdNScEL3UZqkBFkYcDH4rAkmhkpHxZh8X type=BUY address=8F7ftKo1...
2026-07-29 09:33:04,196 - app.services.trade_processor - INFO - ------------------------------------------------------
2026-07-29 09:33:04,197 - app.services.trade_processor - INFO - ① 庄家判定: status=unknown, is_dealer=False, conditions=['C006']
2026-07-29 09:33:04,197 - app.services.trade_processor - INFO - ② 交易前用户持仓: holdingQty=10623762.411299  holdingCost=0.313299  avgPrice=0.000000029490
2026-07-29 09:33:04,198 - app.services.trade_processor - INFO -    totalBuyAmount=0.313299  totalSellAmount=0.000000  totalSellPrincipal=0.000000
2026-07-29 09:33:04,198 - app.services.trade_processor - INFO -    old_holding_cost=0.313299  old_realized=0.000000
2026-07-29 09:33:04,199 - app.services.trade_processor - INFO - ③ 用户指数 [BUY]: buy_qty=10623762.411299  buy_amount=0.313299 SOL
2026-07-29 09:33:04,199 - app.services.trade_processor - INFO -    holdingQty:   10623762.411299 → 21247524.822598
2026-07-29 09:33:04,200 - app.services.trade_processor - INFO -    holdingCost:  0.313299 → 0.626598
2026-07-29 09:33:04,200 - app.services.trade_processor - INFO -    avgPrice:     0.000000029490 → 0.000000029490
2026-07-29 09:33:04,202 - app.websocket.manager - INFO - [WS] 断开连接: mint=6hbhfirogLvE5cGL6ArorujeinuFe5tx8odfXdLwpump
2026-07-29 09:33:04,213 - app.services.trade_processor - INFO - ⑥ 全局 total_holdingQty(含庄家): 67299553.542918 → 77923315.954217
2026-07-29 09:33:04,214 - app.services.trade_processor - INFO - ------------------------------------------------------
2026-07-29 09:33:04,215 - app.services.trade_processor - INFO - ④ delta: delta_bet=0.313299 (=new_holding_cost 0.626598 - old 0.313299)
2026-07-29 09:33:04,216 - app.services.trade_processor - INFO -    delta_profit=0.000000 (=new_realized 0.000000 - old 0.000000)
2026-07-29 09:33:04,224 - app.services.trade_processor - INFO - ⑤ 全局散户指数 [更新]: total_bet 2.106564 → 2.419863, realized_profit -0.176006 → -0.176006
2026-07-29 09:33:04,262 - app.services.trade_processor - INFO - ======================================================
2026-07-29 09:33:04,262 - app.services.trade_processor - INFO - 📊 [指数计算] mint=6hbhfiro... sig=whFXw6cYKYNKmvLeBojjUfC14i8pGaq8jUUJTjFRbsmk1yDhxNGR6ZsESdGfnpspatcPJZvuWmoPoMDcDFraCv4 type=BUY address=DxhpC9c4...
2026-07-29 09:33:04,263 - app.services.trade_processor - INFO - ------------------------------------------------------
2026-07-29 09:33:04,264 - app.services.trade_processor - INFO - ① 庄家判定: status=unknown, is_dealer=False, conditions=['C006']
2026-07-29 09:33:04,264 - app.services.trade_processor - INFO - ② 交易前用户持仓: holdingQty=0.000000  holdingCost=0.000000  avgPrice=0.000000000000
2026-07-29 09:33:04,265 - app.services.trade_processor - INFO -    totalBuyAmount=2.225521  totalSellAmount=2.144679  totalSellPrincipal=2.225521
2026-07-29 09:33:04,265 - app.services.trade_processor - INFO -    old_holding_cost=0.000000  old_realized=-0.080842
2026-07-29 09:33:04,266 - app.services.trade_processor - INFO - ③ 用户指数 [BUY]: buy_qty=71086270.628972  buy_amount=2.225521 SOL
2026-07-29 09:33:04,266 - app.services.trade_processor - INFO -    holdingQty:   0.000000 → 71086270.628972
2026-07-29 09:33:04,267 - app.services.trade_processor - INFO -    holdingCost:  0.000000 → 2.225521
2026-07-29 09:33:04,268 - app.services.trade_processor - INFO -    avgPrice:     0.000000000000 → 0.000000031307
2026-07-29 09:33:04,282 - app.services.trade_processor - INFO - ⑥ 全局 total_holdingQty(含庄家): 77923315.954217 → 149009586.583189
2026-07-29 09:33:04,283 - app.services.trade_processor - INFO - ------------------------------------------------------
2026-07-29 09:33:04,284 - app.services.trade_processor - INFO - ④ delta: delta_bet=2.225521 (=new_holding_cost 2.225521 - old 0.000000)
2026-07-29 09:33:04,284 - app.services.trade_processor - INFO -    delta_profit=0.000000 (=new_realized -0.080842 - old -0.080842)
2026-07-29 09:33:04,293 - app.services.trade_processor - INFO - ⑤ 全局散户指数 [更新]: total_bet 2.419863 → 4.645384, realized_profit -0.176006 → -0.176006
2026-07-29 09:33:04,325 - app.services.trade_processor - INFO - ======================================================
2026-07-29 09:33:04,326 - app.services.trade_processor - INFO - 📊 [指数计算] mint=6hbhfiro... sig=61eaj8z2P1mmsjDgEepEGiKnHfa8QhGs2GCfGYUmdeNznDcC7hs1NBhFEEibjUqnecXXEC7Dm4sCH9ugHi3yZ19v type=SELL address=DxhpC9c4...
2026-07-29 09:33:04,327 - app.services.trade_processor - INFO - ------------------------------------------------------
2026-07-29 09:33:04,327 - app.services.trade_processor - INFO - ① 庄家判定: status=unknown, is_dealer=False, conditions=['C006']
2026-07-29 09:33:04,328 - app.services.trade_processor - INFO - ② 交易前用户持仓: holdingQty=71086270.628972  holdingCost=2.225521  avgPrice=0.000000031307
2026-07-29 09:33:04,328 - app.services.trade_processor - INFO -    totalBuyAmount=4.451042  totalSellAmount=2.144679  totalSellPrincipal=2.225521
2026-07-29 09:33:04,329 - app.services.trade_processor - INFO -    old_holding_cost=2.225521  old_realized=-0.080842
2026-07-29 09:33:04,330 - app.services.trade_processor - INFO - ③ 用户指数 [SELL]: sell_qty=71086270.628972  sell_amount=2.144679 SOL  sell_principal=2.225521(=sell_qty×avgPrice)
2026-07-29 09:33:04,331 - app.services.trade_processor - INFO -    落袋收益(realized)=-0.080842 SOL
2026-07-29 09:33:04,333 - app.services.trade_processor - INFO -    holdingQty:   71086270.628972 → 0.000000
2026-07-29 09:33:04,334 - app.services.trade_processor - INFO -    holdingCost:  2.225521 → 0.000000
2026-07-29 09:33:04,335 - app.services.trade_processor - INFO -    avgPrice:     0.000000031307 → 0.000000000000
2026-07-29 09:33:04,340 - app.services.trade_processor - INFO - ⑥ 全局 total_holdingQty(含庄家): 149009586.583189 → 77923315.954217
2026-07-29 09:33:04,341 - app.services.trade_processor - INFO - ------------------------------------------------------
2026-07-29 09:33:04,341 - app.services.trade_processor - INFO - ④ delta: delta_bet=-2.225521 (=new_holding_cost 0.000000 - old 2.225521)
2026-07-29 09:33:04,342 - app.services.trade_processor - INFO -    delta_profit=-0.080842 (=new_realized -0.161684 - old -0.080842)
2026-07-29 09:33:04,346 - app.services.trade_processor - INFO - ⑤ 全局散户指数 [更新]: total_bet 4.645384 → 2.419863, realized_profit -0.176006 → -0.256847
2026-07-29 09:33:04,358 - app.services.trade_processor - INFO - ======================================================
2026-07-29 09:33:04,359 - app.services.trade_processor - INFO - 📊 [指数计算] mint=6hbhfiro... sig=3dNnjsmJ5xfMmLAoiGVbYCw4feJvjEefU47dwmGwyQ1cAPCuGg4Q4ctBb3achBcXpL749JsfDwTtdJxFBDtcLxQ9 type=BUY address=8ciLPx8q...
2026-07-29 09:33:04,360 - app.services.trade_processor - INFO - ------------------------------------------------------
2026-07-29 09:33:04,360 - app.services.trade_processor - INFO - ① 庄家判定: status=unknown, is_dealer=False, conditions=['C006']
2026-07-29 09:33:04,361 - app.services.trade_processor - INFO - ② 交易前用户持仓: holdingQty=3494658.675933  holdingCost=0.103184  avgPrice=0.000000029526
2026-07-29 09:33:04,362 - app.services.trade_processor - INFO -    totalBuyAmount=0.103184  totalSellAmount=0.000000  totalSellPrincipal=0.000000
2026-07-29 09:33:04,362 - app.services.trade_processor - INFO -    old_holding_cost=0.103184  old_realized=0.000000
2026-07-29 09:33:04,363 - app.services.trade_processor - INFO - ③ 用户指数 [BUY]: buy_qty=3494658.675933  buy_amount=0.103184 SOL
2026-07-29 09:33:04,364 - app.services.trade_processor - INFO -    holdingQty:   3494658.675933 → 6989317.351866
2026-07-29 09:33:04,364 - app.services.trade_processor - INFO -    holdingCost:  0.103184 → 0.206368
2026-07-29 09:33:04,365 - app.services.trade_processor - INFO -    avgPrice:     0.000000029526 → 0.000000029526
2026-07-29 09:33:04,376 - app.services.trade_processor - INFO - ⑥ 全局 total_holdingQty(含庄家): 77923315.954217 → 81417974.630150
2026-07-29 09:33:04,381 - app.services.trade_processor - INFO - ------------------------------------------------------
2026-07-29 09:33:04,381 - app.services.trade_processor - INFO - ④ delta: delta_bet=0.103184 (=new_holding_cost 0.206368 - old 0.103184)
2026-07-29 09:33:04,382 - app.services.trade_processor - INFO -    delta_profit=0.000000 (=new_realized 0.000000 - old 0.000000)
2026-07-29 09:33:04,385 - app.services.trade_processor - INFO - ⑤ 全局散户指数 [更新]: total_bet 2.419863 → 2.523047, realized_profit -0.256847 → -0.256847
2026-07-29 09:33:04,394 - app.services.trade_processor - INFO - ======================================================
2026-07-29 09:33:04,395 - app.services.trade_processor - INFO - 📊 [指数计算] mint=6hbhfiro... sig=5ByVkhSgxaYZs7c2zv9hjB8ejG7Wo4vAKVgqBrnYCmcLifBsYQwa8FfoeNQkEsLyHz4BEsvWbNnKw2YxeD2jvwe6 type=BUY address=GUbT3rbM...
2026-07-29 09:33:04,395 - app.services.trade_processor - INFO - ------------------------------------------------------
2026-07-29 09:33:04,396 - app.services.trade_processor - INFO - ① 庄家判定: status=unknown, is_dealer=False, conditions=['C006']
2026-07-29 09:33:04,396 - app.services.trade_processor - INFO - ② 交易前用户持仓: holdingQty=3842860.444696  holdingCost=0.114015  avgPrice=0.000000029669
2026-07-29 09:33:04,397 - app.services.trade_processor - INFO -    totalBuyAmount=0.114015  totalSellAmount=0.000000  totalSellPrincipal=0.000000
2026-07-29 09:33:04,397 - app.services.trade_processor - INFO -    old_holding_cost=0.114015  old_realized=0.000000
2026-07-29 09:33:04,398 - app.services.trade_processor - INFO - ③ 用户指数 [BUY]: buy_qty=3842860.444696  buy_amount=0.114015 SOL
2026-07-29 09:33:04,398 - app.services.trade_processor - INFO -    holdingQty:   3842860.444696 → 7685720.889392
2026-07-29 09:33:04,399 - app.services.trade_processor - INFO -    holdingCost:  0.114015 → 0.228029
2026-07-29 09:33:04,399 - app.services.trade_processor - INFO -    avgPrice:     0.000000029669 → 0.000000029669
2026-07-29 09:33:04,404 - app.services.trade_processor - INFO - ⑥ 全局 total_holdingQty(含庄家): 81417974.630150 → 85260835.074846
2026-07-29 09:33:04,404 - app.services.trade_processor - INFO - ------------------------------------------------------
2026-07-29 09:33:04,405 - app.services.trade_processor - INFO - ④ delta: delta_bet=0.114015 (=new_holding_cost 0.228029 - old 0.114015)
2026-07-29 09:33:04,405 - app.services.trade_processor - INFO -    delta_profit=0.000000 (=new_realized 0.000000 - old 0.000000)
2026-07-29 09:33:04,408 - app.services.trade_processor - INFO - ⑤ 全局散户指数 [更新]: total_bet 2.523047 → 2.637062, realized_profit -0.256847 → -0.256847
2026-07-29 09:33:04,418 - app.services.trade_processor - INFO - ======================================================
2026-07-29 09:33:04,418 - app.services.trade_processor - INFO - 📊 [指数计算] mint=6hbhfiro... sig=63CMBdSbE8MZcZiEsSCZFfSuJouSXxD9YyztwoziwFHZBPRbKJd4PpqSNT4oRDsPz8dH5BLyTANut2qXBRxTxPL3 type=BUY address=FcxzxnZt...
2026-07-29 09:33:04,419 - app.services.trade_processor - INFO - ------------------------------------------------------
2026-07-29 09:33:04,419 - app.services.trade_processor - INFO - ① 庄家判定: status=unknown, is_dealer=False, conditions=['C006']
2026-07-29 09:33:04,420 - app.services.trade_processor - INFO - ② 交易前用户持仓: holdingQty=3192671.652756  holdingCost=0.096808  avgPrice=0.000000030322
2026-07-29 09:33:04,420 - app.services.trade_processor - INFO -    totalBuyAmount=0.096808  totalSellAmount=0.000000  totalSellPrincipal=0.000000
2026-07-29 09:33:04,421 - app.services.trade_processor - INFO -    old_holding_cost=0.096808  old_realized=0.000000
2026-07-29 09:33:04,421 - app.services.trade_processor - INFO - ③ 用户指数 [BUY]: buy_qty=3192671.652756  buy_amount=0.096808 SOL
2026-07-29 09:33:04,422 - app.services.trade_processor - INFO -    holdingQty:   3192671.652756 → 6385343.305512
2026-07-29 09:33:04,423 - app.services.trade_processor - INFO -    holdingCost:  0.096808 → 0.193617
2026-07-29 09:33:04,424 - app.services.trade_processor - INFO -    avgPrice:     0.000000030322 → 0.000000030322
2026-07-29 09:33:04,428 - app.services.trade_processor - INFO - ⑥ 全局 total_holdingQty(含庄家): 85260835.074846 → 88453506.727602
2026-07-29 09:33:04,428 - app.services.trade_processor - INFO - ------------------------------------------------------
2026-07-29 09:33:04,429 - app.services.trade_processor - INFO - ④ delta: delta_bet=0.096808 (=new_holding_cost 0.193617 - old 0.096808)
2026-07-29 09:33:04,429 - app.services.trade_processor - INFO -    delta_profit=0.000000 (=new_realized 0.000000 - old 0.000000)
2026-07-29 09:33:04,433 - app.services.trade_processor - INFO - ⑤ 全局散户指数 [更新]: total_bet 2.637062 → 2.733870, realized_profit -0.256847 → -0.256847
2026-07-29 09:33:04,442 - app.services.trade_processor - INFO - ======================================================
2026-07-29 09:33:04,443 - app.services.trade_processor - INFO - 📊 [指数计算] mint=6hbhfiro... sig=42BmRTM1x24fyghB3VVij9w2pPeD5ZfC5xqYaGf92UYrtL8rTYjTHGGxsfuSsdZHEWx3Ezbz7jZn24j1E7pszqT1 type=BUY address=HW9ybBLK...
2026-07-29 09:33:04,444 - app.services.trade_processor - INFO - ------------------------------------------------------
2026-07-29 09:33:04,444 - app.services.trade_processor - INFO - ① 庄家判定: status=unknown, is_dealer=False, conditions=['C006']
2026-07-29 09:33:04,445 - app.services.trade_processor - INFO - ② 交易前用户持仓: holdingQty=3383677.886780  holdingCost=0.103778  avgPrice=0.000000030670
2026-07-29 09:33:04,445 - app.services.trade_processor - INFO -    totalBuyAmount=0.103778  totalSellAmount=0.000000  totalSellPrincipal=0.000000
2026-07-29 09:33:04,446 - app.services.trade_processor - INFO -    old_holding_cost=0.103778  old_realized=0.000000
2026-07-29 09:33:04,446 - app.services.trade_processor - INFO - ③ 用户指数 [BUY]: buy_qty=3383677.886780  buy_amount=0.103778 SOL
2026-07-29 09:33:04,447 - app.services.trade_processor - INFO -    holdingQty:   3383677.886780 → 6767355.773560
2026-07-29 09:33:04,447 - app.services.trade_processor - INFO -    holdingCost:  0.103778 → 0.207556
2026-07-29 09:33:04,448 - app.services.trade_processor - INFO -    avgPrice:     0.000000030670 → 0.000000030670
2026-07-29 09:33:04,452 - app.services.trade_processor - INFO - ⑥ 全局 total_holdingQty(含庄家): 88453506.727602 → 91837184.614382
2026-07-29 09:33:04,452 - app.services.trade_processor - INFO - ------------------------------------------------------
2026-07-29 09:33:04,453 - app.services.trade_processor - INFO - ④ delta: delta_bet=0.103778 (=new_holding_cost 0.207556 - old 0.103778)
2026-07-29 09:33:04,453 - app.services.trade_processor - INFO -    delta_profit=0.000000 (=new_realized 0.000000 - old 0.000000)
2026-07-29 09:33:04,456 - app.services.trade_processor - INFO - ⑤ 全局散户指数 [更新]: total_bet 2.733870 → 2.837648, realized_profit -0.256847 → -0.256847
2026-07-29 09:33:04,469 - app.services.trade_processor - INFO - ======================================================
2026-07-29 09:33:04,469 - app.services.trade_processor - INFO - 📊 [指数计算] mint=6hbhfiro... sig=515RKrb6NgyU6VxhMvZJ4iTVLmDLevYWeGBsMHfMeB6GBQtw8BHogEzYv4eLyESmMJrzCMmciX94VpLsCHLoXvjZ type=BUY address=HdzM4i8i...
2026-07-29 09:33:04,470 - app.services.trade_processor - INFO - ------------------------------------------------------
2026-07-29 09:33:04,471 - app.services.trade_processor - INFO - ① 庄家判定: status=unknown, is_dealer=False, conditions=['C006']
2026-07-29 09:33:04,472 - app.services.trade_processor - INFO - ② 交易前用户持仓: holdingQty=32676753.101932  holdingCost=1.009211  avgPrice=0.000000030885
2026-07-29 09:33:04,474 - app.services.trade_processor - INFO -    totalBuyAmount=1.009211  totalSellAmount=0.000000  totalSellPrincipal=0.000000
2026-07-29 09:33:04,475 - app.services.trade_processor - INFO -    old_holding_cost=1.009211  old_realized=0.000000
2026-07-29 09:33:04,478 - app.services.trade_processor - INFO - ③ 用户指数 [BUY]: buy_qty=32676753.101932  buy_amount=1.009211 SOL
2026-07-29 09:33:04,479 - app.services.trade_processor - INFO -    holdingQty:   32676753.101932 → 65353506.203864
2026-07-29 09:33:04,480 - app.services.trade_processor - INFO -    holdingCost:  1.009211 → 2.018422
2026-07-29 09:33:04,482 - app.services.trade_processor - INFO -    avgPrice:     0.000000030885 → 0.000000030885
2026-07-29 09:33:04,490 - app.services.trade_processor - INFO - ⑥ 全局 total_holdingQty(含庄家): 91837184.614382 → 124513937.716314
2026-07-29 09:33:04,491 - app.services.trade_processor - INFO - ------------------------------------------------------
2026-07-29 09:33:04,492 - app.services.trade_processor - INFO - ④ delta: delta_bet=1.009211 (=new_holding_cost 2.018422 - old 1.009211)
2026-07-29 09:33:04,494 - app.services.trade_processor - INFO -    delta_profit=0.000000 (=new_realized 0.000000 - old 0.000000)
2026-07-29 09:33:04,500 - app.services.trade_processor - INFO - ⑤ 全局散户指数 [更新]: total_bet 2.837648 → 3.846859, realized_profit -0.256847 → -0.256847
2026-07-29 09:33:04,522 - app.services.trade_processor - INFO - ======================================================
2026-07-29 09:33:04,523 - app.services.trade_processor - INFO - 📊 [指数计算] mint=6hbhfiro... sig=5BfBSdz56EuH2YsnwMzT7EjMhZQmDu4rRXXo4aqx75HiE6XViyk1zpGFohjS9j7nRVaXHQQV4L93JuWYp7QAkLpE type=BUY address=HH4serie...
2026-07-29 09:33:04,525 - app.services.trade_processor - INFO - ------------------------------------------------------
2026-07-29 09:33:04,526 - app.services.trade_processor - INFO - ① 庄家判定: status=unknown, is_dealer=False, conditions=['C006']
2026-07-29 09:33:04,527 - app.services.trade_processor - INFO - ② 交易前用户持仓: holdingQty=3124534.760223  holdingCost=0.112834  avgPrice=0.000000036112
2026-07-29 09:33:04,527 - app.services.trade_processor - INFO -    totalBuyAmount=0.112834  totalSellAmount=0.000000  totalSellPrincipal=0.000000
2026-07-29 09:33:04,528 - app.services.trade_processor - INFO -    old_holding_cost=0.112834  old_realized=0.000000
2026-07-29 09:33:04,529 - app.services.trade_processor - INFO - ③ 用户指数 [BUY]: buy_qty=3124534.760223  buy_amount=0.112834 SOL
2026-07-29 09:33:04,529 - app.services.trade_processor - INFO -    holdingQty:   3124534.760223 → 6249069.520446
2026-07-29 09:33:04,530 - app.services.trade_processor - INFO -    holdingCost:  0.112834 → 0.225668
2026-07-29 09:33:04,530 - app.services.trade_processor - INFO -    avgPrice:     0.000000036112 → 0.000000036112
2026-07-29 09:33:04,535 - app.services.trade_processor - INFO - ⑥ 全局 total_holdingQty(含庄家): 124513937.716314 → 127638472.476537
2026-07-29 09:33:04,535 - app.services.trade_processor - INFO - ------------------------------------------------------
2026-07-29 09:33:04,536 - app.services.trade_processor - INFO - ④ delta: delta_bet=0.112834 (=new_holding_cost 0.225668 - old 0.112834)
2026-07-29 09:33:04,537 - app.services.trade_processor - INFO -    delta_profit=0.000000 (=new_realized 0.000000 - old 0.000000)
2026-07-29 09:33:04,540 - app.services.trade_processor - INFO - ⑤ 全局散户指数 [更新]: total_bet 3.846859 → 3.959693, realized_profit -0.256847 → -0.256847
2026-07-29 09:33:04,553 - app.services.trade_processor - INFO - ======================================================
2026-07-29 09:33:04,554 - app.services.trade_processor - INFO - 📊 [指数计算] mint=6hbhfiro... sig=eLiky5U1uwpRDVbBDwtFriWrYVcFggxBZmLigQh1MrEt3A75Pv9dJxRMruWD4qHPs64kdMroJ8qXAtXh2oqyQzf type=BUY address=nya666pQ...
2026-07-29 09:33:04,554 - app.services.trade_processor - INFO - ------------------------------------------------------
2026-07-29 09:33:04,555 - app.services.trade_processor - INFO - ① 庄家判定: status=unknown, is_dealer=False, conditions=['C006']
2026-07-29 09:33:04,556 - app.services.trade_processor - INFO - ② 交易前用户持仓: holdingQty=0.000000  holdingCost=0.000000  avgPrice=0.000000000000
2026-07-29 09:33:04,557 - app.services.trade_processor - INFO -    totalBuyAmount=0.962099  totalSellAmount=0.996917  totalSellPrincipal=0.962099
2026-07-29 09:33:04,557 - app.services.trade_processor - INFO -    old_holding_cost=0.000000  old_realized=0.034818
2026-07-29 09:33:04,558 - app.services.trade_processor - INFO - ③ 用户指数 [BUY]: buy_qty=29386085.851704  buy_amount=0.962099 SOL
2026-07-29 09:33:04,558 - app.services.trade_processor - INFO -    holdingQty:   0.000000 → 29386085.851704
2026-07-29 09:33:04,559 - app.services.trade_processor - INFO -    holdingCost:  0.000000 → 0.962099
2026-07-29 09:33:04,559 - app.services.trade_processor - INFO -    avgPrice:     0.000000000000 → 0.000000032740
2026-07-29 09:33:04,564 - app.services.trade_processor - INFO - ⑥ 全局 total_holdingQty(含庄家): 127638472.476537 → 157024558.328241
2026-07-29 09:33:04,564 - app.services.trade_processor - INFO - ------------------------------------------------------
2026-07-29 09:33:04,565 - app.services.trade_processor - INFO - ④ delta: delta_bet=0.962099 (=new_holding_cost 0.962099 - old 0.000000)
2026-07-29 09:33:04,565 - app.services.trade_processor - INFO -    delta_profit=0.000000 (=new_realized 0.034818 - old 0.034818)
2026-07-29 09:33:04,568 - app.services.trade_processor - INFO - ⑤ 全局散户指数 [更新]: total_bet 3.959693 → 4.921792, realized_profit -0.256847 → -0.256847
2026-07-29 09:33:04,578 - app.services.trade_processor - INFO - ======================================================
2026-07-29 09:33:04,579 - app.services.trade_processor - INFO - 📊 [指数计算] mint=6hbhfiro... sig=4cZAieW1ZTNehAmrJqkii5QsQ9XDwLaYtB8aR8yKvnj5vGsmi8yJFwszxywJJW6XX9vq8XTHeEXKBgU53Gn3NmCK type=BUY address=4vNSFjPH...
2026-07-29 09:33:04,579 - app.services.trade_processor - INFO - ------------------------------------------------------
2026-07-29 09:33:04,580 - app.services.trade_processor - INFO - ① 庄家判定: status=unknown, is_dealer=False, conditions=['C006']
2026-07-29 09:33:04,580 - app.services.trade_processor - INFO - ② 交易前用户持仓: holdingQty=0.000000  holdingCost=0.000000  avgPrice=0.000000000000
2026-07-29 09:33:04,581 - app.services.trade_processor - INFO -    totalBuyAmount=0.701087  totalSellAmount=0.682614  totalSellPrincipal=0.701087
2026-07-29 09:33:04,582 - app.services.trade_processor - INFO -    old_holding_cost=0.000000  old_realized=-0.018473
2026-07-29 09:33:04,583 - app.services.trade_processor - INFO - ③ 用户指数 [BUY]: buy_qty=20335553.629569  buy_amount=0.701087 SOL
2026-07-29 09:33:04,583 - app.services.trade_processor - INFO -    holdingQty:   0.000000 → 20335553.629569
2026-07-29 09:33:04,584 - app.services.trade_processor - INFO -    holdingCost:  0.000000 → 0.701087
2026-07-29 09:33:04,584 - app.services.trade_processor - INFO -    avgPrice:     0.000000000000 → 0.000000034476
2026-07-29 09:33:04,588 - app.services.trade_processor - INFO - ⑥ 全局 total_holdingQty(含庄家): 157024558.328241 → 177360111.957810
2026-07-29 09:33:04,589 - app.services.trade_processor - INFO - ------------------------------------------------------
2026-07-29 09:33:04,589 - app.services.trade_processor - INFO - ④ delta: delta_bet=0.701087 (=new_holding_cost 0.701087 - old 0.000000)
2026-07-29 09:33:04,590 - app.services.trade_processor - INFO -    delta_profit=0.000000 (=new_realized -0.018473 - old -0.018473)
2026-07-29 09:33:04,593 - app.services.trade_processor - INFO - ⑤ 全局散户指数 [更新]: total_bet 4.921792 → 5.622879, realized_profit -0.256847 → -0.256847
2026-07-29 09:33:04,602 - app.services.trade_processor - INFO - ======================================================
2026-07-29 09:33:04,603 - app.services.trade_processor - INFO - 📊 [指数计算] mint=6hbhfiro... sig=31sVZPrLQZ2CQnVoP9w92nydQVBbzB3tpdnut2oiahd7Bz59ZkKoVJ8ChKgevm29XHdEhwdZvKhp5kLtNQAjBNcF type=SELL address=4vNSFjPH...
2026-07-29 09:33:04,603 - app.services.trade_processor - INFO - ------------------------------------------------------
2026-07-29 09:33:04,604 - app.services.trade_processor - INFO - ① 庄家判定: status=unknown, is_dealer=False, conditions=['C006']
2026-07-29 09:33:04,604 - app.services.trade_processor - INFO - ② 交易前用户持仓: holdingQty=20335553.629569  holdingCost=0.701087  avgPrice=0.000000034476
2026-07-29 09:33:04,605 - app.services.trade_processor - INFO -    totalBuyAmount=1.402174  totalSellAmount=0.682614  totalSellPrincipal=0.701087
2026-07-29 09:33:04,605 - app.services.trade_processor - INFO -    old_holding_cost=0.701087  old_realized=-0.018473
2026-07-29 09:33:04,606 - app.services.trade_processor - INFO - ③ 用户指数 [SELL]: sell_qty=20335553.629569  sell_amount=0.682614 SOL  sell_principal=0.701087(=sell_qty×avgPrice)
2026-07-29 09:33:04,606 - app.services.trade_processor - INFO -    落袋收益(realized)=-0.018473 SOL
2026-07-29 09:33:04,607 - app.services.trade_processor - INFO -    holdingQty:   20335553.629569 → 0.000000
2026-07-29 09:33:04,607 - app.services.trade_processor - INFO -    holdingCost:  0.701087 → 0.000000
2026-07-29 09:33:04,608 - app.services.trade_processor - INFO -    avgPrice:     0.000000034476 → 0.000000000000
2026-07-29 09:33:04,613 - app.services.trade_processor - INFO - ⑥ 全局 total_holdingQty(含庄家): 177360111.957810 → 157024558.328241
2026-07-29 09:33:04,614 - app.services.trade_processor - INFO - ------------------------------------------------------
2026-07-29 09:33:04,614 - app.services.trade_processor - INFO - ④ delta: delta_bet=-0.701087 (=new_holding_cost 0.000000 - old 0.701087)
2026-07-29 09:33:04,615 - app.services.trade_processor - INFO -    delta_profit=-0.018473 (=new_realized -0.036946 - old -0.018473)
2026-07-29 09:33:04,618 - app.services.trade_processor - INFO - ⑤ 全局散户指数 [更新]: total_bet 5.622879 → 4.921792, realized_profit -0.256847 → -0.275321
2026-07-29 09:33:04,628 - app.services.trade_processor - INFO - ======================================================
2026-07-29 09:33:04,628 - app.services.trade_processor - INFO - 📊 [指数计算] mint=6hbhfiro... sig=4TjtikknoUQnDe5bPcrVB25DUPpBmVi9Bgi9yLP6sPXM2NTPybD1bNratTVxHsNuVmm7ry3Z6rS5ZxfySSbS85SY type=BUY address=729t4TQ3...
2026-07-29 09:33:04,629 - app.services.trade_processor - INFO - ------------------------------------------------------
2026-07-29 09:33:04,629 - app.services.trade_processor - INFO - ① 庄家判定: status=unknown, is_dealer=False, conditions=['C006']
2026-07-29 09:33:04,630 - app.services.trade_processor - INFO - ② 交易前用户持仓: holdingQty=0.000000  holdingCost=0.000000  avgPrice=0.000000000000
2026-07-29 09:33:04,630 - app.services.trade_processor - INFO -    totalBuyAmount=0.327794  totalSellAmount=0.286802  totalSellPrincipal=0.327794
2026-07-29 09:33:04,631 - app.services.trade_processor - INFO -    old_holding_cost=0.000000  old_realized=-0.040992
2026-07-29 09:33:04,631 - app.services.trade_processor - INFO - ③ 用户指数 [BUY]: buy_qty=8922980.640403  buy_amount=0.327794 SOL
2026-07-29 09:33:04,632 - app.services.trade_processor - INFO -    holdingQty:   0.000000 → 8922980.640403
2026-07-29 09:33:04,633 - app.services.trade_processor - INFO -    holdingCost:  0.000000 → 0.327794
2026-07-29 09:33:04,633 - app.services.trade_processor - INFO -    avgPrice:     0.000000000000 → 0.000000036736
2026-07-29 09:33:04,637 - app.services.trade_processor - INFO - ⑥ 全局 total_holdingQty(含庄家): 157024558.328241 → 165947538.968644
2026-07-29 09:33:04,637 - app.services.trade_processor - INFO - ------------------------------------------------------
2026-07-29 09:33:04,638 - app.services.trade_processor - INFO - ④ delta: delta_bet=0.327794 (=new_holding_cost 0.327794 - old 0.000000)
2026-07-29 09:33:04,638 - app.services.trade_processor - INFO -    delta_profit=0.000000 (=new_realized -0.040992 - old -0.040992)
2026-07-29 09:33:04,641 - app.services.trade_processor - INFO - ⑤ 全局散户指数 [更新]: total_bet 4.921792 → 5.249586, realized_profit -0.275321 → -0.275321
2026-07-29 09:33:04,650 - app.services.trade_processor - INFO - ======================================================
2026-07-29 09:33:04,651 - app.services.trade_processor - INFO - 📊 [指数计算] mint=6hbhfiro... sig=Zi4uBpaMhjSu4X7XgyB1dMaqWupxgGLUtnEjBqWauf4TrhfGBUa5C464QCavQ3R2hDTGtBHUJp4Fhn8buNyXHR5 type=BUY address=5oEJJiaV...
2026-07-29 09:33:04,651 - app.services.trade_processor - INFO - ------------------------------------------------------
2026-07-29 09:33:04,652 - app.services.trade_processor - INFO - ① 庄家判定: status=unknown, is_dealer=False, conditions=['C006']
2026-07-29 09:33:04,652 - app.services.trade_processor - INFO - ② 交易前用户持仓: holdingQty=0.000000  holdingCost=0.000000  avgPrice=0.000000000000
2026-07-29 09:33:04,653 - app.services.trade_processor - INFO -    totalBuyAmount=0.494066  totalSellAmount=0.423549  totalSellPrincipal=0.494066
2026-07-29 09:33:04,653 - app.services.trade_processor - INFO -    old_holding_cost=0.000000  old_realized=-0.070517
2026-07-29 09:33:04,654 - app.services.trade_processor - INFO - ③ 用户指数 [BUY]: buy_qty=13462289.183557  buy_amount=0.494066 SOL
2026-07-29 09:33:04,654 - app.services.trade_processor - INFO -    holdingQty:   0.000000 → 13462289.183557
2026-07-29 09:33:04,655 - app.services.trade_processor - INFO -    holdingCost:  0.000000 → 0.494066
2026-07-29 09:33:04,655 - app.services.trade_processor - INFO -    avgPrice:     0.000000000000 → 0.000000036700
2026-07-29 09:33:04,660 - app.services.trade_processor - INFO - ⑥ 全局 total_holdingQty(含庄家): 165947538.968644 → 179409828.152201
2026-07-29 09:33:04,661 - app.services.trade_processor - INFO - ------------------------------------------------------
2026-07-29 09:33:04,661 - app.services.trade_processor - INFO - ④ delta: delta_bet=0.494066 (=new_holding_cost 0.494066 - old 0.000000)
2026-07-29 09:33:04,661 - app.services.trade_processor - INFO -    delta_profit=0.000000 (=new_realized -0.070517 - old -0.070517)
2026-07-29 09:33:04,664 - app.services.trade_processor - INFO - ⑤ 全局散户指数 [更新]: total_bet 5.249586 → 5.743652, realized_profit -0.275321 → -0.275321
2026-07-29 09:33:04,674 - app.services.trade_processor - INFO - ======================================================
2026-07-29 09:33:04,674 - app.services.trade_processor - INFO - 📊 [指数计算] mint=6hbhfiro... sig=3B1rHSPpvKuBenJPxDjMDRMjjA5Q2QNM9JTn4iaf7VeH4pzm5hqJeNDFPmEiFPz8NvsA3XXmuW2Sr7rM24WSakkj type=BUY address=2wSvY9pa...
2026-07-29 09:33:04,675 - app.services.trade_processor - INFO - ------------------------------------------------------
2026-07-29 09:33:04,676 - app.services.trade_processor - INFO - ① 庄家判定: status=unknown, is_dealer=False, conditions=['C006']
2026-07-29 09:33:04,676 - app.services.trade_processor - INFO - ② 交易前用户持仓: holdingQty=3476556.273469  holdingCost=0.126130  avgPrice=0.000000036280
2026-07-29 09:33:04,677 - app.services.trade_processor - INFO -    totalBuyAmount=0.126130  totalSellAmount=0.000000  totalSellPrincipal=0.000000
2026-07-29 09:33:04,677 - app.services.trade_processor - INFO -    old_holding_cost=0.126130  old_realized=0.000000
2026-07-29 09:33:04,678 - app.services.trade_processor - INFO - ③ 用户指数 [BUY]: buy_qty=3476556.273469  buy_amount=0.126130 SOL
2026-07-29 09:33:04,678 - app.services.trade_processor - INFO -    holdingQty:   3476556.273469 → 6953112.546938
2026-07-29 09:33:04,679 - app.services.trade_processor - INFO -    holdingCost:  0.126130 → 0.252259
2026-07-29 09:33:04,679 - app.services.trade_processor - INFO -    avgPrice:     0.000000036280 → 0.000000036280
2026-07-29 09:33:04,683 - app.services.trade_processor - INFO - ⑥ 全局 total_holdingQty(含庄家): 179409828.152201 → 182886384.425670
2026-07-29 09:33:04,684 - app.services.trade_processor - INFO - ------------------------------------------------------
2026-07-29 09:33:04,684 - app.services.trade_processor - INFO - ④ delta: delta_bet=0.126130 (=new_holding_cost 0.252259 - old 0.126130)
2026-07-29 09:33:04,685 - app.services.trade_processor - INFO -    delta_profit=0.000000 (=new_realized 0.000000 - old 0.000000)
2026-07-29 09:33:04,688 - app.services.trade_processor - INFO - ⑤ 全局散户指数 [更新]: total_bet 5.743652 → 5.869782, realized_profit -0.275321 → -0.275321
2026-07-29 09:33:04,698 - app.services.trade_processor - INFO - ======================================================
2026-07-29 09:33:04,699 - app.services.trade_processor - INFO - 📊 [指数计算] mint=6hbhfiro... sig=Y4A2hRxZvxprL9ysDY4eqNtHPCFBad2p1ZdyT7dNNSUzVHFyERE9Xnn1HRGnDhoiZyTWYtDHBWcbzKSR2RmKmP7 type=BUY address=FHa9uFwa...
2026-07-29 09:33:04,699 - app.services.trade_processor - INFO - ------------------------------------------------------
2026-07-29 09:33:04,699 - app.services.trade_processor - INFO - ① 庄家判定: status=unknown, is_dealer=False, conditions=['C006']
2026-07-29 09:33:04,700 - app.services.trade_processor - INFO - ② 交易前用户持仓: holdingQty=3484078.335830  holdingCost=0.127305  avgPrice=0.000000036539
2026-07-29 09:33:04,700 - app.services.trade_processor - INFO -    totalBuyAmount=0.127305  totalSellAmount=0.000000  totalSellPrincipal=0.000000
2026-07-29 09:33:04,701 - app.services.trade_processor - INFO -    old_holding_cost=0.127305  old_realized=0.000000
2026-07-29 09:33:04,701 - app.services.trade_processor - INFO - ③ 用户指数 [BUY]: buy_qty=3484078.335830  buy_amount=0.127305 SOL
2026-07-29 09:33:04,702 - app.services.trade_processor - INFO -    holdingQty:   3484078.335830 → 6968156.671660
2026-07-29 09:33:04,702 - app.services.trade_processor - INFO -    holdingCost:  0.127305 → 0.254610
2026-07-29 09:33:04,703 - app.services.trade_processor - INFO -    avgPrice:     0.000000036539 → 0.000000036539
2026-07-29 09:33:04,707 - app.services.trade_processor - INFO - ⑥ 全局 total_holdingQty(含庄家): 182886384.425670 → 186370462.761500
2026-07-29 09:33:04,708 - app.services.trade_processor - INFO - ------------------------------------------------------
2026-07-29 09:33:04,708 - app.services.trade_processor - INFO - ④ delta: delta_bet=0.127305 (=new_holding_cost 0.254610 - old 0.127305)
2026-07-29 09:33:04,709 - app.services.trade_processor - INFO -    delta_profit=0.000000 (=new_realized 0.000000 - old 0.000000)
2026-07-29 09:33:04,712 - app.services.trade_processor - INFO - ⑤ 全局散户指数 [更新]: total_bet 5.869782 → 5.997087, realized_profit -0.275321 → -0.275321
2026-07-29 09:33:04,721 - app.services.trade_processor - INFO - ======================================================
2026-07-29 09:33:04,722 - app.services.trade_processor - INFO - 📊 [指数计算] mint=6hbhfiro... sig=2xscSdzvUdesCba6HsW4oJg6RwpieLhLGDo2H5f1pSDod8zuZgRw16E8vhSAFnEHZEQ6L236jvqff9yd3PJdBkqr type=SELL address=nya666pQ...
2026-07-29 09:33:04,722 - app.services.trade_processor - INFO - ------------------------------------------------------
2026-07-29 09:33:04,723 - app.services.trade_processor - INFO - ① 庄家判定: status=unknown, is_dealer=False, conditions=['C006']
2026-07-29 09:33:04,723 - app.services.trade_processor - INFO - ② 交易前用户持仓: holdingQty=29386085.851704  holdingCost=0.962099  avgPrice=0.000000032740
2026-07-29 09:33:04,724 - app.services.trade_processor - INFO -    totalBuyAmount=1.924198  totalSellAmount=0.996917  totalSellPrincipal=0.962099
2026-07-29 09:33:04,724 - app.services.trade_processor - INFO -    old_holding_cost=0.962099  old_realized=0.034818
2026-07-29 09:33:04,725 - app.services.trade_processor - INFO - ③ 用户指数 [SELL]: sell_qty=29386085.851704  sell_amount=0.996917 SOL  sell_principal=0.962099(=sell_qty×avgPrice)
2026-07-29 09:33:04,725 - app.services.trade_processor - INFO -    落袋收益(realized)=0.034818 SOL
2026-07-29 09:33:04,726 - app.services.trade_processor - INFO -    holdingQty:   29386085.851704 → 0.000000
2026-07-29 09:33:04,726 - app.services.trade_processor - INFO -    holdingCost:  0.962099 → 0.000000
2026-07-29 09:33:04,726 - app.services.trade_processor - INFO -    avgPrice:     0.000000032740 → 0.000000000000
2026-07-29 09:33:04,731 - app.services.trade_processor - INFO - ⑥ 全局 total_holdingQty(含庄家): 186370462.761500 → 156984376.909796
2026-07-29 09:33:04,732 - app.services.trade_processor - INFO - ------------------------------------------------------
2026-07-29 09:33:04,732 - app.services.trade_processor - INFO - ④ delta: delta_bet=-0.962099 (=new_holding_cost 0.000000 - old 0.962099)
2026-07-29 09:33:04,732 - app.services.trade_processor - INFO -    delta_profit=0.034818 (=new_realized 0.069637 - old 0.034818)
2026-07-29 09:33:04,736 - app.services.trade_processor - INFO - ⑤ 全局散户指数 [更新]: total_bet 5.997087 → 5.034988, realized_profit -0.275321 → -0.240502
2026-07-29 09:33:04,745 - app.services.trade_processor - INFO - ======================================================
2026-07-29 09:33:04,746 - app.services.trade_processor - INFO - 📊 [指数计算] mint=6hbhfiro... sig=H4ZAT8zpxR8mZNVSL9nkzM7tY8W7A7tz65sY9EZXhwS8jnhCWU4nMxbCXYkVR3tQg7wGqovNQXpPGojUXLhkrmQ type=SELL address=729t4TQ3...
2026-07-29 09:33:04,746 - app.services.trade_processor - INFO - ------------------------------------------------------
2026-07-29 09:33:04,746 - app.services.trade_processor - INFO - ① 庄家判定: status=unknown, is_dealer=False, conditions=['C006']
2026-07-29 09:33:04,747 - app.services.trade_processor - INFO - ② 交易前用户持仓: holdingQty=8922980.640403  holdingCost=0.327794  avgPrice=0.000000036736
2026-07-29 09:33:04,748 - app.services.trade_processor - INFO -    totalBuyAmount=0.655588  totalSellAmount=0.286802  totalSellPrincipal=0.327794
2026-07-29 09:33:04,748 - app.services.trade_processor - INFO -    old_holding_cost=0.327794  old_realized=-0.040992
2026-07-29 09:33:04,749 - app.services.trade_processor - INFO - ③ 用户指数 [SELL]: sell_qty=8922980.640403  sell_amount=0.286802 SOL  sell_principal=0.327794(=sell_qty×avgPrice)
2026-07-29 09:33:04,749 - app.services.trade_processor - INFO -    落袋收益(realized)=-0.040992 SOL
2026-07-29 09:33:04,749 - app.services.trade_processor - INFO -    holdingQty:   8922980.640403 → 0.000000
2026-07-29 09:33:04,750 - app.services.trade_processor - INFO -    holdingCost:  0.327794 → 0.000000
2026-07-29 09:33:04,751 - app.services.trade_processor - INFO -    avgPrice:     0.000000036736 → 0.000000000000
2026-07-29 09:33:04,755 - app.services.trade_processor - INFO - ⑥ 全局 total_holdingQty(含庄家): 156984376.909796 → 148061396.269393
2026-07-29 09:33:04,755 - app.services.trade_processor - INFO - ------------------------------------------------------
2026-07-29 09:33:04,756 - app.services.trade_processor - INFO - ④ delta: delta_bet=-0.327794 (=new_holding_cost 0.000000 - old 0.327794)
2026-07-29 09:33:04,756 - app.services.trade_processor - INFO -    delta_profit=-0.040992 (=new_realized -0.081983 - old -0.040992)
2026-07-29 09:33:04,761 - app.services.trade_processor - INFO - ⑤ 全局散户指数 [更新]: total_bet 5.034988 → 4.707194, realized_profit -0.240502 → -0.281494
2026-07-29 09:33:04,770 - app.services.trade_processor - INFO - ======================================================
2026-07-29 09:33:04,771 - app.services.trade_processor - INFO - 📊 [指数计算] mint=6hbhfiro... sig=52hh195TWo97FbVNBF6wrsmEHCSuiQGzcEtJibmmGCZie83KrdWmTk1YZpGnknze1wNwBPjCGafFyukfbufaubdf type=SELL address=5oEJJiaV...
2026-07-29 09:33:04,771 - app.services.trade_processor - INFO - ------------------------------------------------------
2026-07-29 09:33:04,772 - app.services.trade_processor - INFO - ① 庄家判定: status=unknown, is_dealer=False, conditions=['C006']
2026-07-29 09:33:04,772 - app.services.trade_processor - INFO - ② 交易前用户持仓: holdingQty=13462289.183557  holdingCost=0.494066  avgPrice=0.000000036700
2026-07-29 09:33:04,773 - app.services.trade_processor - INFO -    totalBuyAmount=0.988132  totalSellAmount=0.423549  totalSellPrincipal=0.494066
2026-07-29 09:33:04,773 - app.services.trade_processor - INFO -    old_holding_cost=0.494066  old_realized=-0.070517
2026-07-29 09:33:04,774 - app.services.trade_processor - INFO - ③ 用户指数 [SELL]: sell_qty=13462289.183557  sell_amount=0.423549 SOL  sell_principal=0.494066(=sell_qty×avgPrice)
2026-07-29 09:33:04,774 - app.services.trade_processor - INFO -    落袋收益(realized)=-0.070517 SOL
2026-07-29 09:33:04,775 - app.services.trade_processor - INFO -    holdingQty:   13462289.183557 → 0.000000
2026-07-29 09:33:04,776 - app.services.trade_processor - INFO -    holdingCost:  0.494066 → 0.000000
2026-07-29 09:33:04,776 - app.services.trade_processor - INFO -    avgPrice:     0.000000036700 → 0.000000000000
2026-07-29 09:33:04,780 - app.services.trade_processor - INFO - ⑥ 全局 total_holdingQty(含庄家): 148061396.269393 → 134599107.085836
2026-07-29 09:33:04,781 - app.services.trade_processor - INFO - ------------------------------------------------------
2026-07-29 09:33:04,781 - app.services.trade_processor - INFO - ④ delta: delta_bet=-0.494066 (=new_holding_cost 0.000000 - old 0.494066)
2026-07-29 09:33:04,782 - app.services.trade_processor - INFO -    delta_profit=-0.070517 (=new_realized -0.141034 - old -0.070517)
2026-07-29 09:33:04,785 - app.services.trade_processor - INFO - ⑤ 全局散户指数 [更新]: total_bet 4.707194 → 4.213128, realized_profit -0.281494 → -0.352011
2026-07-29 09:34:01,229 - app.services.trade_processor - INFO - [全量计算] 完成 mint=6hbhfirogLvE5cGL6ArorujeinuFe5tx8odfXdLwpump
2026-07-29 09:34:11,873 - app.services.trade_stream - ERROR - [实时流] 异常: timed out during opening handshake
Traceback (most recent call last):
  File "/Users/curtdk/.openclaw/workspace/fastapiGmgn/venv/lib/python3.9/site-packages/websockets/asyncio/client.py", line 543, in __await_impl__
    await self.connection.handshake(
  File "/Users/curtdk/.openclaw/workspace/fastapiGmgn/venv/lib/python3.9/site-packages/websockets/asyncio/client.py", line 104, in handshake
    await asyncio.wait(
  File "/Library/Developer/CommandLineTools/Library/Frameworks/Python3.framework/Versions/3.9/lib/python3.9/asyncio/tasks.py", line 413, in wait
    return await _wait(fs, timeout, return_when, loop)
  File "/Library/Developer/CommandLineTools/Library/Frameworks/Python3.framework/Versions/3.9/lib/python3.9/asyncio/tasks.py", line 529, in _wait
    await waiter
asyncio.exceptions.CancelledError

During handling of the above exception, another exception occurred:

Traceback (most recent call last):
  File "/Users/curtdk/.openclaw/workspace/fastapiGmgn/venv/lib/python3.9/site-packages/websockets/asyncio/client.py", line 574, in __await_impl__
    raise SecurityError(f"more than {MAX_REDIRECTS} redirects")
  File "/Users/curtdk/.openclaw/workspace/fastapiGmgn/venv/lib/python3.9/site-packages/websockets/asyncio/async_timeout.py", line 181, in __aexit__
    self._do_exit(exc_type)
  File "/Users/curtdk/.openclaw/workspace/fastapiGmgn/venv/lib/python3.9/site-packages/websockets/asyncio/async_timeout.py", line 268, in _do_exit
    raise asyncio.TimeoutError
asyncio.exceptions.TimeoutError

The above exception was the direct cause of the following exception:

Traceback (most recent call last):
  File "/Users/curtdk/.openclaw/workspace/fastapiGmgn/app/services/trade_stream.py", line 72, in _stream_loop
    async with websockets.connect(url) as ws:
  File "/Users/curtdk/.openclaw/workspace/fastapiGmgn/venv/lib/python3.9/site-packages/websockets/asyncio/client.py", line 587, in __aenter__
    return await self
  File "/Users/curtdk/.openclaw/workspace/fastapiGmgn/venv/lib/python3.9/site-packages/websockets/asyncio/client.py", line 578, in __await_impl__
    raise TimeoutError("timed out during opening handshake") from exc
asyncio.exceptions.TimeoutError: timed out during opening handshake
2026-07-29 09:34:45,490 - app.websocket.manager - INFO - [WS] 新连接: mint=6hbhfirogLvE5cGL6ArorujeinuFe5tx8odfXdLwpump, 当前连接数=1
2026-07-29 09:34:51,433 - app.services.trade_processor - INFO - [消费者] 已启动 mint=6hbhfirogLvE5cGL6ArorujeinuFe5tx8odfXdLwpump（单例已初始化）
2026-07-29 09:34:51,435 - app.services.trade_processor - INFO - [消费者] 开始消化队列 mint=6hbhfirogLvE5cGL6ArorujeinuFe5tx8odfXdLwpump
2026-07-29 09:34:56,453 - app.services.trade_processor - ERROR - [消费者] 队列未初始化，退出
2026-07-29 09:35:14,691 - app.services.trade_stream - ERROR - [实时流] 异常: timed out during opening handshake
Traceback (most recent call last):
  File "/Users/curtdk/.openclaw/workspace/fastapiGmgn/venv/lib/python3.9/site-packages/websockets/asyncio/client.py", line 541, in __await_impl__
    self.connection = await self.create_connection()
  File "/Users/curtdk/.openclaw/workspace/fastapiGmgn/venv/lib/python3.9/site-packages/websockets/asyncio/client.py", line 453, in create_connection
    new_transport = await loop.start_tls(
  File "uvloop/loop.pyx", line 1639, in start_tls
  File "uvloop/loop.pyx", line 1632, in uvloop.loop.Loop.start_tls
asyncio.exceptions.CancelledError

During handling of the above exception, another exception occurred:

Traceback (most recent call last):
  File "/Users/curtdk/.openclaw/workspace/fastapiGmgn/venv/lib/python3.9/site-packages/websockets/asyncio/client.py", line 574, in __await_impl__
    raise SecurityError(f"more than {MAX_REDIRECTS} redirects")
  File "/Users/curtdk/.openclaw/workspace/fastapiGmgn/venv/lib/python3.9/site-packages/websockets/asyncio/async_timeout.py", line 181, in __aexit__
    self._do_exit(exc_type)
  File "/Users/curtdk/.openclaw/workspace/fastapiGmgn/venv/lib/python3.9/site-packages/websockets/asyncio/async_timeout.py", line 268, in _do_exit
    raise asyncio.TimeoutError
asyncio.exceptions.TimeoutError

The above exception was the direct cause of the following exception:

Traceback (most recent call last):
  File "/Users/curtdk/.openclaw/workspace/fastapiGmgn/app/services/trade_stream.py", line 72, in _stream_loop
    async with websockets.connect(url) as ws:
  File "/Users/curtdk/.openclaw/workspace/fastapiGmgn/venv/lib/python3.9/site-packages/websockets/asyncio/client.py", line 587, in __aenter__
    return await self
  File "/Users/curtdk/.openclaw/workspace/fastapiGmgn/venv/lib/python3.9/site-packages/websockets/asyncio/client.py", line 578, in __await_impl__
    raise TimeoutError("timed out during opening handshake") from exc
asyncio.exceptions.TimeoutError: timed out during opening handshake
2026-07-29 09:35:14,702 - asyncio - ERROR - Exception in callback <bound method Connection.connection_lost of <websockets.asyncio.client.ClientConnection object at 0x10bab7ca0>>
handle: <Handle Connection.connection_lost>
Traceback (most recent call last):
  File "uvloop/cbhandles.pyx", line 63, in uvloop.loop.Handle._run
  File "/Users/curtdk/.openclaw/workspace/fastapiGmgn/venv/lib/python3.9/site-packages/websockets/asyncio/connection.py", line 1018, in connection_lost
    self.recv_messages.close()
AttributeError: 'ClientConnection' object has no attribute 'recv_messages'
2026-07-29 09:36:29,318 - app.services.trade_stream - INFO - [实时流] 已发送订阅请求: 6hbhfirogLvE5cGL6ArorujeinuFe5tx8odfXdLwpump
2026-07-29 09:36:32,780 - app.services.trade_stream - INFO - [实时流] 订阅确认: {"jsonrpc":"2.0","id":1,"error":{"code":-32600,"message":"transactionSubscribe is not available on the free plan"}}
2026-07-29 09:41:00,236 - app.websocket.manager - INFO - [WS] 断开连接: mint=6hbhfirogLvE5cGL6ArorujeinuFe5tx8odfXdLwpump
2026-07-29 09:41:00,338 - app.services.dealer_detector - INFO - [庄家判定] 已关闭
2026-07-29 09:41:00,338 - app.services.cluster.redis_keys - INFO - [cluster:redis] Redis 已关闭
2026-07-29 09:41:00,339 - main - INFO - 服务已关闭
2026-07-29 09:41:00,584 - app.services.trade_stream - INFO - [实时流] 循环被取消: 6hbhfirogLvE5cGL6ArorujeinuFe5tx8odfXdLwpump
2026-07-29 09:42:11,383 - main - INFO - Admin user already exists
2026-07-29 09:42:11,407 - app.services.settings_service - INFO - 默认设置初始化完成
2026-07-29 09:42:11,430 - app.services.dealer_detector - INFO - [庄家判定] Redis 连接成功
2026-07-29 09:42:11,431 - app.services.dealer_detector - INFO - [庄家判定] 队列已就绪，等待首次触发
2026-07-29 09:42:11,433 - app.services.cluster.redis_keys - INFO - [cluster:redis] Redis 连接成功
2026-07-29 09:42:11,433 - main - INFO - 服务已启动
2026-07-29 09:42:11,462 - app.services.settings_service - INFO - 默认设置初始化完成
2026-07-29 09:42:22,858 - app.websocket.manager - INFO - [WS] 新连接: mint=6hbhfirogLvE5cGL6ArorujeinuFe5tx8odfXdLwpump, 当前连接数=1
2026-07-29 09:42:25,650 - app.websocket.manager - INFO - [WS] 断开连接: mint=6hbhfirogLvE5cGL6ArorujeinuFe5tx8odfXdLwpump
2026-07-29 09:42:28,433 - app.services.settings_service - INFO - 设置更新: backfill_skip_ws_wait = 2
